TransactionID,Amount,Type,Time,Location,User
1,45.60141792,Retail Purchase,8.229237038,Suburbs,24
2,44.53853993,Retail Purchase,15.68909089,Online,17
3,36.42440565,Online Purchase,12.06503184,Online,100
4,48.43953064,Retail Purchase,16.24441982,Suburbs,90
5,41.27157737,Retail Purchase,8.695461994,Online,17
6,33.5835898,Online Purchase,9.995021661,Online,37
7,83.34686986,Online Purchase,6.516060627,City Center,7
8,67.21046409,Online Purchase,16.82314069,Online,66
9,33.82401645,Retail Purchase,13.12784032,Online,54
10,44.64780679,Online Purchase,12.08064194,City Center,71
11,23.06986586,Retail Purchase,9.576243693,Suburbs,79
12,52.02988877,Retail Purchase,11.8776709,Suburbs,81
13,58.28150858,Retail Purchase,16.24228348,City Center,88
14,42.93190548,Online Purchase,4.01534571,Online,93
15,56.1315769,Online Purchase,10.97538985,City Center,69
16,26.94991991,Online Purchase,12.11433669,Online,35
17,44.18472961,Retail Purchase,14.26705213,Online,6
18,48.35176601,Online Purchase,6.633549369,Suburbs,69
19,64.85881634,Retail Purchase,17.12260589,City Center,45
20,45.71049712,Retail Purchase,14.6208097,Suburbs,11
21,47.34762977,Retail Purchase,8.986072925,Suburbs,74
22,41.37646213,Retail Purchase,15.75780781,Suburbs,66
23,60.40295698,Retail Purchase,5.190690705,City Center,39
24,57.28658302,Online Purchase,8.989524057,Online,83
25,46.25583809,Online Purchase,10.9824476,City Center,45
26,40.59403649,Online Purchase,13.29866324,Suburbs,44
27,40.08661375,Retail Purchase,8.562543011,Suburbs,16
28,62.02554751,Retail Purchase,10.90549033,City Center,75
29,40.78998058,Online Purchase,15.85309638,Suburbs,43
30,31.47670337,Online Purchase,18.32261867,City Center,13
31,40.03395984,Online Purchase,10.82059167,Online,50
32,0.998961968,Online Purchase,18.88831192,Suburbs,82
33,68.3878781,Retail Purchase,12.03817868,Online,76
34,81.56627277,Retail Purchase,11.07789035,City Center,96
35,38.40202794,Online Purchase,9.022989459,Online,74
36,13.57192903,Online Purchase,18.83186497,City Center,75
37,50.23318948,Online Purchase,4.694135223,City Center,58
38,13.62009334,Online Purchase,11.95754639,Online,33
39,85.04347963,Retail Purchase,11.04236089,Suburbs,27
40,13.12987875,Retail Purchase,11.71797797,Online,66
41,74.39555473,Online Purchase,9.212193016,Online,62
42,59.49572627,Retail Purchase,8.385680834,Suburbs,39
43,30.41052209,Retail Purchase,14.62008568,Online,73
44,49.50812622,Online Purchase,10.95875456,Online,51
45,33.63822376,Online Purchase,16.72569576,Suburbs,67
46,53.18835486,Retail Purchase,18.28180256,City Center,50
47,47.01153706,Retail Purchase,13.29846463,City Center,79
48,25.13803722,Retail Purchase,13.6660777,Online,86
49,74.17804305,Retail Purchase,9.682945074,Online,22
50,55.69479747,Retail Purchase,11.85156894,Online,85
51,41.23368802,Retail Purchase,5.36064491,City Center,74
52,54.20091509,Online Purchase,13.19981965,Online,55
53,53.67572919,Online Purchase,16.38585173,Online,36
54,28.95379968,Retail Purchase,9.900114908,Suburbs,50
55,37.90938885,Retail Purchase,14.1891564,Suburbs,11
56,48.54360512,Retail Purchase,1.424738681,Suburbs,71
57,27.40117879,Retail Purchase,5.881895467,Suburbs,32
58,46.58581988,Online Purchase,14.50006565,Suburbs,76
59,69.62817138,Retail Purchase,8.967918551,Online,93
60,22.64461403,Retail Purchase,11.87239483,City Center,38
61,77.23263139,Retail Purchase,9.27978049,Suburbs,93
62,81.94023411,Retail Purchase,16.01209021,Suburbs,61
63,63.97630149,Retail Purchase,15.16260959,Suburbs,49
64,55.26410717,Online Purchase,13.06291,City Center,30
65,86.9870795,Retail Purchase,11.91011138,Suburbs,83
66,9.477512391,Retail Purchase,10.65632136,Suburbs,18
67,59.17809986,Retail Purchase,23.42474353,Online,65
68,43.54523287,Retail Purchase,14.24752213,City Center,32
69,36.63825161,Retail Purchase,4.842591204,Online,30
70,90.48454938,Online Purchase,16.30455262,City Center,41
71,78.81704754,Online Purchase,9.458463812,Online,40
72,22.30856124,Online Purchase,14.37514385,Suburbs,84
73,79.14456865,Retail Purchase,14.47504883,City Center,87
74,45.78083396,Online Purchase,10.37334078,Suburbs,63
75,30.19556753,Online Purchase,14.58404643,Online,54
76,72.62932658,Online Purchase,11.46415734,Online,98
77,63.8535592,Retail Purchase,11.66332322,City Center,94
78,58.82856603,Retail Purchase,12.29915634,City Center,91
79,66.69295381,Online Purchase,15.77283727,Suburbs,93
80,58.89014315,Online Purchase,12.68329133,Suburbs,45
81,63.35868526,Online Purchase,13.66283271,City Center,15
82,59.16129526,Online Purchase,15.56221052,Online,83
83,8.834286908,Retail Purchase,3.648104625,Online,32
84,40.84670302,Retail Purchase,8.589328434,Suburbs,13
85,75.31138641,Retail Purchase,18.15901598,Online,12
86,53.59905281,Retail Purchase,9.21851179,City Center,59
87,44.68652356,Retail Purchase,15.10606453,City Center,9
88,68.33146976,Retail Purchase,12.33602975,Online,13
89,61.18270748,Retail Purchase,9.277657903,Suburbs,4
90,48.80664362,Retail Purchase,13.26432037,City Center,43
91,84.98681783,Retail Purchase,16.19925409,Online,94
92,40.76267473,Online Purchase,12.39075236,Suburbs,94
93,46.72447852,Online Purchase,2.89604436,Online,57
94,37.82970929,Online Purchase,13.11644313,Suburbs,9
95,57.65577205,Retail Purchase,7.025402981,City Center,4
96,67.9002059,Online Purchase,16.50270566,Suburbs,62
97,52.22153707,Retail Purchase,11.75375376,City Center,50
98,48.57987389,Retail Purchase,15.47038219,Online,14
99,23.87258831,Online Purchase,9.712349366,City Center,83
100,1.353997198,Online Purchase,12.80059801,City Center,85
101,22.9361238,Retail Purchase,9.58207537,Online,51
102,56.82895745,Retail Purchase,11.90829014,Online,52
103,26.4490419,Retail Purchase,11.5709594,Online,94
104,53.82715531,Retail Purchase,8.194748544,Suburbs,12
105,34.25184254,Retail Purchase,6.034718729,Suburbs,38
106,57.23499021,Retail Purchase,10.4140503,Online,58
107,43.29054358,Online Purchase,11.48666983,Online,66
108,30.67531917,Retail Purchase,16.70812375,City Center,17
109,71.59435264,Retail Purchase,11.18864405,Suburbs,67
110,15.10791425,Online Purchase,19.38253542,Online,64
111,62.27789282,Retail Purchase,14.99586955,Suburbs,73
112,45.00594289,Online Purchase,5.566304507,City Center,15
113,28.1223501,Online Purchase,18.98202482,City Center,35
114,34.84187827,Retail Purchase,14.77809229,City Center,18
115,65.05739236,Online Purchase,7.512511628,Suburbs,62
116,85.03977296,Retail Purchase,14.0925506,Online,70
117,51.21294292,Retail Purchase,7.764619017,Suburbs,84
118,96.50151303,Retail Purchase,21.31918536,Online,83
119,33.92878914,Retail Purchase,10.97280961,City Center,78
120,46.66009067,Online Purchase,10.15958481,City Center,74
121,69.57181731,Online Purchase,14.73425234,Suburbs,25
122,87.52668318,Retail Purchase,18.21649071,Online,4
123,81.81227423,Retail Purchase,16.40670827,Online,53
124,55.69737402,Online Purchase,10.91069865,Online,33
125,69.94217282,Retail Purchase,14.0104313,City Center,36
126,15.48751289,Retail Purchase,8.136416682,City Center,24
127,48.75083876,Online Purchase,9.476250768,Suburbs,10
128,5.020635334,Online Purchase,15.08044977,Online,67
129,78.9348688,Online Purchase,17.29370956,Online,65
130,52.06323503,Retail Purchase,4.235055352,Online,44
131,61.28453995,Online Purchase,16.04134799,City Center,68
132,45.46888249,Online Purchase,9.559310499,City Center,14
133,34.29472079,Online Purchase,15.97871128,Online,93
134,52.7044895,Online Purchase,10.5646385,Online,64
135,89.57841709,Retail Purchase,4.519899553,City Center,4
136,89.92217124,Online Purchase,10.03722356,Suburbs,94
137,40.55630495,Retail Purchase,13.03458313,Suburbs,56
138,83.53104968,Retail Purchase,6.055993176,Suburbs,45
139,27.68063719,Retail Purchase,12.40994787,Suburbs,51
140,20.77805619,Retail Purchase,13.80316342,Online,42
141,13.77754315,Online Purchase,13.60039139,City Center,12
142,47.4022004,Retail Purchase,10.72711644,Suburbs,22
143,10.24782759,Retail Purchase,13.50129924,Online,59
144,57.62549922,Online Purchase,13.10405448,City Center,39
145,35.7900697,Online Purchase,14.21701029,Suburbs,78
146,50.52967721,Retail Purchase,10.3447848,City Center,97
147,37.04954106,Retail Purchase,12.15262695,Online,49
148,41.3224829,Retail Purchase,14.53205711,Suburbs,38
149,64.55593428,Online Purchase,9.18909803,Online,94
150,23.48352686,Online Purchase,16.9122965,Suburbs,82
151,63.40053032,Retail Purchase,12.50622236,Online,22
152,60.66150339,Online Purchase,13.81481647,City Center,75
153,29.40943892,Online Purchase,17.01250114,City Center,100
154,36.45666141,Retail Purchase,16.33292163,City Center,93
155,46.97963567,Retail Purchase,7.860166416,Suburbs,90
156,28.25184591,Retail Purchase,12.21894047,Suburbs,31
157,71.23088151,Retail Purchase,15.98116257,City Center,19
158,35.95710907,Retail Purchase,12.90023399,Online,11
159,45.32814339,Online Purchase,0.756713298,City Center,63
160,49.18964609,Online Purchase,17.5463939,City Center,64
161,13.28445059,Online Purchase,3.623492336,Online,11
162,41.54106804,Online Purchase,13.59434813,Online,93
163,25.7248719,Online Purchase,15.77023862,Suburbs,58
164,57.64145064,Online Purchase,14.34933339,Online,66
165,63.17427909,Online Purchase,10.27499825,City Center,28
166,40.94049546,Online Purchase,10.80004534,City Center,51
167,82.52813795,Retail Purchase,14.03533067,Online,70
168,60.06224645,Online Purchase,9.30893915,City Center,28
169,69.828841,Retail Purchase,10.9371354,Suburbs,57
170,21.22532476,Online Purchase,13.36629895,Suburbs,23
171,35.81047167,Retail Purchase,9.748285175,City Center,47
172,56.30187807,Online Purchase,14.18722263,City Center,49
173,47.94808551,Online Purchase,4.782340914,City Center,12
174,62.06085111,Retail Purchase,12.36716103,Suburbs,61
175,64.79786471,Retail Purchase,15.26660221,Suburbs,84
176,19.35192123,Retail Purchase,3.146251681,Suburbs,24
177,62.69635083,Online Purchase,6.376421818,Online,78
178,50.47863376,Retail Purchase,13.37260611,Suburbs,100
179,49.76005357,Retail Purchase,12.94527159,Online,65
180,57.39149203,Retail Purchase,10.38324933,Suburbs,45
181,29.85235378,Retail Purchase,8.673104869,City Center,37
182,49.97028747,Retail Purchase,17.26971695,City Center,87
183,55.77807333,Online Purchase,14.04121513,Online,39
184,39.5486595,Online Purchase,8.538269719,City Center,73
185,45.3664773,Online Purchase,9.79262857,Online,77
186,32.69418804,Retail Purchase,12.28921199,Suburbs,51
187,92.57758819,Retail Purchase,18.19574705,City Center,100
188,69.34181023,Online Purchase,6.520400868,Suburbs,96
189,63.0018187,Retail Purchase,10.15462784,Suburbs,2
190,77.51597927,Online Purchase,8.292907422,Online,88
191,37.42080512,Retail Purchase,9.220852306,Online,41
192,54.83702819,Retail Purchase,8.414083427,City Center,96
193,41.25922646,Retail Purchase,10.25564529,Suburbs,83
194,44.81380117,Retail Purchase,7.315726656,City Center,55
195,64.37089192,Online Purchase,15.08217315,Suburbs,30
196,365.8460542,Retail Purchase,18.47931746,Suburbs,39
197,11.57058379,Online Purchase,10.42801223,City Center,54
198,46.20364745,Retail Purchase,1.844119505,Online,52
199,13.99679101,Online Purchase,14.64691729,City Center,25
200,23.27675282,Retail Purchase,11.44035076,Suburbs,19
201,53.88668934,Online Purchase,10.15641975,Suburbs,42
202,38.58909264,Retail Purchase,6.322971341,Suburbs,34
203,78.74583665,Online Purchase,13.75781912,Online,88
204,68.13354356,Online Purchase,12.05311618,City Center,18
205,47.82297297,Retail Purchase,11.76251241,Online,84
206,72.72738955,Retail Purchase,10.84386629,City Center,28
207,72.22288135,Online Purchase,5.022096957,City Center,77
208,6.536171815,Retail Purchase,5.307184354,Suburbs,9
209,12.35715499,Retail Purchase,15.76369099,Online,16
210,74.10181976,Retail Purchase,16.57331736,City Center,49
211,56.91605017,Retail Purchase,12.29906288,City Center,30
212,62.1991129,Retail Purchase,8.260766451,Suburbs,11
213,50.21785813,Online Purchase,8.764876564,City Center,79
214,88.77298497,Online Purchase,11.72220267,Suburbs,58
215,16.12323709,Online Purchase,13.55906196,Online,83
216,70.11449503,Retail Purchase,12.90833414,Online,85
217,416.5942294,Online Purchase,7.914787899,Suburbs,10
218,69.05041579,Retail Purchase,7.892909676,Online,81
219,36.46157082,Online Purchase,14.40150469,Suburbs,45
220,59.14019349,Online Purchase,8.663971064,Online,28
221,30.10528021,Retail Purchase,16.51105045,Online,100
222,87.7970009,Online Purchase,4.363214563,Suburbs,51
223,397.6174751,Online Purchase,8.915413311,Online,81
224,51.27922995,Online Purchase,9.752212939,Online,94
225,41.56270845,Retail Purchase,16.33328651,City Center,5
226,60.5985145,Online Purchase,7.705351558,Suburbs,77
227,65.55474607,Retail Purchase,12.85691659,Online,32
228,43.59744774,Retail Purchase,15.0868807,Online,91
229,26.94682568,Retail Purchase,13.92794447,City Center,27
230,50.37929088,Online Purchase,14.3488648,City Center,78
231,45.20169399,Retail Purchase,4.842866469,City Center,14
232,82.12336846,Online Purchase,12.59031997,Online,96
233,49.20501252,Retail Purchase,6.663207213,Suburbs,21
234,58.95249765,Retail Purchase,14.05748022,City Center,52
235,65.143277,Online Purchase,16.83948734,City Center,94
236,46.72325172,Retail Purchase,12.19550357,Suburbs,57
237,48.9708882,Online Purchase,17.20560653,City Center,85
238,32.63641788,Online Purchase,1.507951451,Online,33
239,65.66329688,Retail Purchase,14.15803092,City Center,69
240,86.44091374,Online Purchase,9.575872623,Online,9
241,47.43664737,Online Purchase,11.97200392,Online,5
242,41.39979456,Retail Purchase,12.17898436,Online,64
243,52.5246997,Retail Purchase,12.99637832,Online,42
244,23.26800454,Retail Purchase,11.8315586,City Center,40
245,58.31942813,Online Purchase,15.06993989,City Center,24
246,25.75612777,Online Purchase,10.81737555,Online,73
247,38.59280305,Retail Purchase,10.39794194,City Center,11
248,77.98585722,Online Purchase,9.794724376,Online,51
249,41.0612098,Retail Purchase,7.28363346,Suburbs,25
250,81.66648402,Retail Purchase,17.71093035,Online,28
251,27.54227353,Retail Purchase,13.93574791,Suburbs,25
252,38.92081671,Retail Purchase,17.62405122,City Center,91
253,63.4552843,Online Purchase,17.63106025,City Center,58
254,31.93664833,Online Purchase,6.332864724,Online,1
255,49.27424746,Retail Purchase,16.82930485,Suburbs,42
256,34.26943399,Retail Purchase,14.54368524,Suburbs,35
257,58.49305078,Retail Purchase,12.04875234,City Center,57
258,64.68485964,Online Purchase,7.543425247,City Center,70
259,37.30711335,Online Purchase,11.7459472,City Center,24
260,54.07311023,Online Purchase,9.965662439,Online,52
261,21.60738508,Retail Purchase,13.42585097,Online,30
262,74.33805875,Online Purchase,12.90690676,City Center,98
263,44.45772243,Retail Purchase,10.88121725,City Center,67
264,30.19700655,Online Purchase,8.991029827,Suburbs,12
265,61.81181742,Retail Purchase,14.69337118,City Center,75
266,53.73765397,Online Purchase,10.02601035,Online,81
267,59.29886923,Retail Purchase,9.240054914,City Center,31
268,56.60118041,Retail Purchase,11.03161396,Suburbs,50
269,20.55917287,Online Purchase,14.99823164,Online,8
270,49.32321216,Online Purchase,11.27833462,City Center,37
271,32.87474126,Retail Purchase,11.99003642,Suburbs,82
272,22.27564628,Retail Purchase,17.15872568,Online,48
273,72.45506822,Retail Purchase,7.253621698,City Center,94
274,42.00311781,Online Purchase,16.13653428,Suburbs,47
275,19.47032537,Online Purchase,16.45399763,Suburbs,75
276,49.84913129,Online Purchase,9.864070569,Suburbs,63
277,53.93862824,Retail Purchase,8.758585958,Suburbs,10
278,53.82550977,Online Purchase,15.37217723,Suburbs,18
279,53.34074403,Retail Purchase,14.58227922,Suburbs,10
280,36.18801856,Online Purchase,7.018206459,City Center,48
281,50.91872289,Online Purchase,10.4483274,Online,64
282,41.42361991,Retail Purchase,5.014210155,Online,34
283,57.04034682,Online Purchase,11.78975743,Suburbs,17
284,48.27048123,Online Purchase,17.28116251,Online,99
285,46.31231457,Online Purchase,12.55662451,Online,98
286,69.97094585,Retail Purchase,22.89324813,Online,53
287,83.69139983,Retail Purchase,9.269638052,Online,62
288,71.1910333,Online Purchase,20.6264331,Online,63
289,79.94413569,Retail Purchase,10.57823036,City Center,78
290,53.54967079,Online Purchase,8.207939128,City Center,100
291,35.6218197,Online Purchase,11.59162487,City Center,35
292,27.74675117,Online Purchase,7.245678643,Online,88
293,72.66746833,Retail Purchase,14.35554866,City Center,67
294,25.75053711,Online Purchase,7.797641588,Suburbs,50
295,69.20586403,Online Purchase,14.29351156,City Center,60
296,55.06632032,Retail Purchase,11.58240628,Suburbs,98
297,45.91618725,Retail Purchase,17.51453207,Online,64
298,81.22438564,Online Purchase,9.113946593,Suburbs,24
299,74.9258234,Online Purchase,12.33017553,Online,62
300,36.68113627,Online Purchase,11.52663596,City Center,16
301,53.47792184,Retail Purchase,9.658776512,Suburbs,39
302,58.52030388,Retail Purchase,15.43249549,Suburbs,42
303,71.74214554,Online Purchase,8.345232307,City Center,65
304,69.33778623,Retail Purchase,15.17880671,Online,20
305,48.76415792,Retail Purchase,3.705942727,City Center,100
306,41.47962624,Online Purchase,7.309534363,City Center,72
307,40.26255277,Retail Purchase,17.18647196,Online,99
308,47.55281964,Online Purchase,14.69074214,Suburbs,50
309,40.76790009,Retail Purchase,12.69352905,Suburbs,75
310,15.26522178,Online Purchase,15.24644115,Suburbs,19
311,46.02448181,Online Purchase,12.15786717,Suburbs,90
312,85.26160667,Online Purchase,14.57991969,Suburbs,40
313,94.80843014,Retail Purchase,8.163095866,City Center,97
314,69.53164321,Online Purchase,7.379400608,Suburbs,1
315,17.78536868,Online Purchase,13.33301267,Suburbs,51
316,60.35253902,Retail Purchase,9.887237075,Suburbs,94
317,38.9916252,Retail Purchase,13.89949965,Suburbs,72
318,42.36682787,Retail Purchase,9.987876968,City Center,81
319,37.80165861,Online Purchase,15.8158789,Online,46
320,56.80514725,Online Purchase,9.426706967,City Center,76
321,46.09691466,Retail Purchase,15.80272762,Online,47
322,62.99167552,Retail Purchase,18.36563057,Suburbs,26
323,40.3113783,Online Purchase,17.40777872,Online,27
324,45.66296105,Online Purchase,12.58567754,City Center,32
325,48.26746526,Online Purchase,8.828968023,Online,28
326,39.19531057,Online Purchase,11.20748428,Online,30
327,37.29265664,Online Purchase,11.39010405,Suburbs,9
328,30.81831927,Online Purchase,11.34346519,Online,13
329,39.69051515,Online Purchase,8.865066368,City Center,19
330,42.31726539,Retail Purchase,16.17034588,City Center,97
331,75.80476659,Retail Purchase,16.22090165,Suburbs,60
332,45.64288893,Online Purchase,18.3253114,City Center,100
333,48.02491869,Retail Purchase,9.826986148,Online,88
334,13.27145615,Retail Purchase,10.95834117,Online,12
335,36.10888673,Retail Purchase,10.47248627,City Center,97
336,51.49238337,Retail Purchase,14.02241514,Online,60
337,59.32632955,Online Purchase,10.93592896,City Center,70
338,69.59499519,Online Purchase,8.80958239,Suburbs,95
339,4.654084548,Online Purchase,8.191556477,City Center,93
340,25.5345235,Retail Purchase,10.04207466,Online,79
341,53.52071396,Retail Purchase,18.72720194,Suburbs,90
342,86.04576465,Online Purchase,14.32943333,Online,58
343,39.44302875,Online Purchase,5.538717667,Online,84
344,69.68964981,Retail Purchase,4.990519467,City Center,46
345,70.46773805,Retail Purchase,10.43523966,Suburbs,28
346,43.09096584,Retail Purchase,16.148437,City Center,9
347,51.32788192,Online Purchase,14.07918531,City Center,68
348,33.29800481,Online Purchase,13.56297376,City Center,31
349,67.21131293,Online Purchase,6.712795037,City Center,8
350,40.05556537,Retail Purchase,12.48894853,City Center,95
351,28.50545345,Retail Purchase,18.63052557,Online,73
352,34.27619157,Online Purchase,11.87966688,Online,94
353,36.65380404,Online Purchase,8.941258454,Suburbs,35
354,60.13186549,Retail Purchase,13.30278699,Suburbs,36
355,66.14568946,Retail Purchase,10.51958617,City Center,49
356,74.42585301,Online Purchase,15.52105626,Suburbs,2
357,56.957533,Online Purchase,3.519180113,Online,82
358,69.19285375,Retail Purchase,17.22292035,Online,88
359,58.31288777,Retail Purchase,9.399165985,Suburbs,32
360,64.9200272,Online Purchase,14.92002356,Suburbs,26
361,53.61246281,Online Purchase,15.10277556,Online,66
362,80.68694115,Online Purchase,16.34992826,City Center,68
363,64.77900441,Retail Purchase,19.16602731,Suburbs,88
364,32.07423871,Retail Purchase,11.08446916,Suburbs,2
365,53.45033762,Online Purchase,6.123443473,Suburbs,35
366,46.82523123,Online Purchase,21.46895208,Suburbs,14
367,33.72696789,Retail Purchase,10.41594417,Online,43
368,52.72396909,Online Purchase,8.006202317,City Center,84
369,19.9597704,Online Purchase,7.167108068,Suburbs,81
370,10.13767559,Retail Purchase,12.61978649,Suburbs,30
371,60.73597993,Retail Purchase,13.66811191,Online,25
372,70.6193923,Retail Purchase,14.25728561,Online,19
373,81.45335262,Online Purchase,13.24863902,Suburbs,87
374,46.5906292,Online Purchase,19.78436534,City Center,48
375,74.11838917,Online Purchase,16.18398093,Suburbs,3
376,36.51381139,Retail Purchase,10.56251731,City Center,16
377,51.65510397,Online Purchase,12.35481299,Online,93
378,45.60935744,Online Purchase,8.138390518,Suburbs,66
379,61.95603027,Retail Purchase,16.66794894,Online,84
380,56.90358187,Retail Purchase,2.411868221,Online,90
381,25.71702732,Online Purchase,12.53730744,Suburbs,71
382,33.06616359,Retail Purchase,5.470882491,City Center,25
383,67.83443748,Retail Purchase,19.58915551,City Center,91
384,53.90651494,Online Purchase,10.30195528,City Center,3
385,36.59730561,Retail Purchase,18.19319723,Suburbs,44
386,48.15501247,Retail Purchase,6.783142773,City Center,53
387,60.93362567,Online Purchase,11.37498949,City Center,57
388,52.85149393,Retail Purchase,5.202269385,City Center,25
389,644.0357763,Online Purchase,8.85427581,Online,75
390,36.5279754,Online Purchase,15.60186338,Online,88
391,72.90811805,Retail Purchase,12.33194553,Online,84
392,33.35384776,Online Purchase,14.72724104,City Center,98
393,74.72633589,Online Purchase,7.48872184,Online,38
394,56.9085529,Online Purchase,10.53642487,City Center,6
395,50.89962378,Retail Purchase,6.548704255,City Center,38
396,59.57288882,Retail Purchase,6.2774987,City Center,49
397,43.58393999,Retail Purchase,5.582415268,Suburbs,53
398,38.79469751,Retail Purchase,18.05398036,Online,83
399,46.79597101,Online Purchase,13.87147119,Suburbs,1
400,43.2068056,Retail Purchase,15.71571304,Online,57
401,79.37908301,Retail Purchase,10.26249799,Suburbs,77
402,43.9561951,Online Purchase,9.907410951,Suburbs,69
403,75.9717492,Online Purchase,17.13548656,Online,38
404,55.11431069,Online Purchase,11.8975979,Online,36
405,70.40378143,Retail Purchase,8.993706649,Online,89
406,51.27836392,Retail Purchase,5.838712258,City Center,60
407,36.46351504,Online Purchase,11.18046745,City Center,8
408,62.50535188,Online Purchase,13.09824376,Suburbs,81
409,69.40785217,Retail Purchase,20.23870829,Online,28
410,69.68169016,Online Purchase,13.41475327,City Center,58
411,37.86852172,Retail Purchase,7.234799249,Online,66
412,91.941534,Retail Purchase,15.25805843,City Center,49
413,54.8932862,Retail Purchase,9.563135446,Suburbs,43
414,74.81210718,Retail Purchase,10.44284161,Online,18
415,77.18024113,Online Purchase,14.22749577,Suburbs,98
416,59.35023553,Online Purchase,13.33606138,Online,28
417,79.27479835,Retail Purchase,14.08259822,Suburbs,21
418,52.77971727,Retail Purchase,9.521838894,City Center,94
419,45.29350791,Online Purchase,10.55069043,Online,31
420,68.06368672,Online Purchase,7.226219422,Suburbs,83
421,62.7944665,Retail Purchase,17.84960287,Online,28
422,38.95170608,Retail Purchase,9.814266264,Suburbs,6
423,72.16326376,Retail Purchase,9.529894183,City Center,89
424,54.88939146,Online Purchase,12.87442842,City Center,3
425,66.2459645,Retail Purchase,6.292342183,Online,22
426,9.086669219,Retail Purchase,3.932421528,Online,34
427,45.78172598,Retail Purchase,16.42491775,Suburbs,74
428,40.29008953,Retail Purchase,12.26808242,City Center,31
429,60.37747381,Retail Purchase,8.818967027,Online,65
430,58.54118432,Retail Purchase,12.70674138,Online,32
431,29.69768055,Online Purchase,12.06996097,Online,14
432,68.6530414,Retail Purchase,16.09938122,City Center,55
433,69.36884023,Online Purchase,17.78106376,Suburbs,52
434,54.01731543,Online Purchase,7.891817754,Suburbs,30
435,67.08393417,Retail Purchase,10.92691679,City Center,40
436,63.64386449,Retail Purchase,8.974390772,Online,25
437,58.82679839,Retail Purchase,5.839512668,Online,56
438,35.9737606,Retail Purchase,10.96167919,City Center,26
439,47.12614711,Online Purchase,14.31147211,City Center,65
440,31.61648636,Retail Purchase,16.65976677,City Center,79
441,17.09998295,Online Purchase,19.44141024,Online,72
442,36.73553899,Online Purchase,15.86158365,Online,48
443,67.7919215,Online Purchase,11.11015084,Online,52
444,64.52368491,Retail Purchase,17.0332171,City Center,26
445,99.67013411,Retail Purchase,8.449582219,City Center,85
446,15.42079553,Online Purchase,11.93341071,Online,71
447,21.41213666,Retail Purchase,2.820339761,City Center,70
448,50.24570024,Online Purchase,16.04708326,City Center,42
449,90.76586314,Retail Purchase,7.032757567,Suburbs,68
450,46.05595483,Retail Purchase,16.50893145,City Center,92
451,58.39219491,Online Purchase,10.22227977,Online,33
452,56.52367162,Online Purchase,8.52954238,Online,67
453,61.73502655,Retail Purchase,1.391224766,Suburbs,99
454,50.28306522,Online Purchase,13.14463794,Online,97
455,41.15902865,Retail Purchase,12.36567201,Suburbs,50
456,77.6653511,Online Purchase,22.30332641,City Center,18
457,43.5433368,Retail Purchase,14.59313298,Suburbs,48
458,62.36881619,Online Purchase,17.520659,Online,14
459,64.83343558,Retail Purchase,6.15967245,Online,13
460,44.71427788,Online Purchase,6.676965511,Suburbs,65
461,37.01941253,Retail Purchase,5.404507621,City Center,50
462,61.54803055,Retail Purchase,24.75395757,City Center,37
463,76.3206189,Retail Purchase,9.710112093,City Center,62
464,55.08299959,Retail Purchase,12.1347924,City Center,85
465,66.47267633,Retail Purchase,12.67083663,Suburbs,62
466,64.07964312,Retail Purchase,17.40151834,Online,100
467,66.77872564,Online Purchase,13.97101209,Suburbs,29
468,53.39238667,Retail Purchase,8.144018949,Suburbs,38
469,50.91755396,Online Purchase,1.590178762,Suburbs,20
470,61.78754787,Online Purchase,14.62201974,City Center,100
471,67.36002337,Retail Purchase,16.6229522,City Center,81
472,51.49108024,Retail Purchase,7.82315091,City Center,15
473,42.72899623,Retail Purchase,6.650881564,Suburbs,48
474,15.96363584,Retail Purchase,13.94032686,City Center,38
475,563.1031165,Retail Purchase,12.28393436,Online,42
476,59.61474873,Retail Purchase,13.40983508,City Center,56
477,47.83514377,Retail Purchase,12.22509506,Online,82
478,53.60404231,Online Purchase,18.59641452,City Center,84
479,36.57647995,Online Purchase,18.84093189,City Center,6
480,49.30618664,Online Purchase,10.7894344,City Center,27
481,41.22791717,Online Purchase,16.41741351,Suburbs,94
482,43.63622183,Online Purchase,14.44455974,Suburbs,51
483,54.34500668,Retail Purchase,7.912265577,Suburbs,78
484,57.11193855,Retail Purchase,9.6248478,Online,9
485,98.06604532,Online Purchase,11.22263231,City Center,43
486,46.5988504,Retail Purchase,17.03292032,City Center,26
487,45.47061591,Retail Purchase,11.98585026,Online,17
488,41.19434006,Online Purchase,11.32579405,Suburbs,23
489,50.35717305,Retail Purchase,3.328517599,Suburbs,6
490,66.56836034,Retail Purchase,9.660518176,Online,94
491,81.47091021,Retail Purchase,15.4220086,Suburbs,40
492,67.67962972,Online Purchase,15.0682479,Online,75
493,9.277868577,Online Purchase,7.040969509,City Center,75
494,60.80374753,Online Purchase,15.80131937,City Center,97
495,24.83096844,Online Purchase,17.46465252,City Center,72
496,55.407626,Retail Purchase,18.82993425,City Center,69
497,82.20285719,Retail Purchase,16.54505302,Suburbs,61
498,88.88124229,Retail Purchase,11.65215444,Suburbs,75
499,18.52280276,Online Purchase,10.77350235,Suburbs,9
500,47.00107886,Retail Purchase,17.54772501,City Center,4
501,49.18387728,Online Purchase,8.676207582,Online,56
502,35.30638902,Online Purchase,10.60896056,Online,83
503,40.26499479,Retail Purchase,10.82474921,City Center,80
504,42.8623293,Retail Purchase,16.14024153,City Center,62
505,39.79900466,Retail Purchase,11.27403178,Online,84
506,11.30094036,Retail Purchase,8.810751636,Suburbs,100
507,66.44955676,Online Purchase,8.835161732,City Center,74
508,60.82041697,Online Purchase,11.69316,City Center,75
509,23.13474384,Online Purchase,18.44270719,Online,24
510,64.03628473,Retail Purchase,10.82139253,Online,10
511,44.99774959,Retail Purchase,14.24910814,Online,17
512,37.86068707,Online Purchase,7.026758114,City Center,66
513,51.38534459,Online Purchase,14.23407403,City Center,6
514,37.14108665,Retail Purchase,10.64671533,Suburbs,10
515,57.5622028,Online Purchase,8.577555475,City Center,5
516,77.31095783,Online Purchase,4.294639596,Suburbs,38
517,75.1378913,Online Purchase,10.18255057,Suburbs,20
518,52.05936407,Online Purchase,7.811089598,Suburbs,36
519,31.73566741,Retail Purchase,10.08589851,Suburbs,7
520,27.69202415,Retail Purchase,13.17910124,City Center,96
521,61.96732789,Retail Purchase,10.93994422,Suburbs,37
522,20.2868851,Online Purchase,10.60120308,Online,24
523,34.42961881,Retail Purchase,19.43730063,Suburbs,34
524,9.66192995,Retail Purchase,11.57003503,Suburbs,28
525,59.89240197,Online Purchase,19.90050538,Online,90
526,53.28647298,Retail Purchase,8.231981544,Suburbs,4
527,45.64143901,Retail Purchase,11.84564761,Online,63
528,36.75437666,Online Purchase,14.62475128,Suburbs,91
529,74.15961406,Online Purchase,7.472290337,Online,87
530,33.48288365,Retail Purchase,3.654756162,Suburbs,56
531,74.99926645,Retail Purchase,15.17822446,City Center,5
532,23.95879064,Retail Purchase,9.463940578,City Center,28
533,55.12324078,Retail Purchase,7.954496008,Suburbs,41
534,37.50542557,Online Purchase,15.31617657,City Center,19
535,54.39096143,Online Purchase,14.25769467,Online,40
536,35.81135763,Retail Purchase,16.68462004,Online,78
537,81.46903339,Online Purchase,20.814494,City Center,58
538,74.57547803,Retail Purchase,11.33862541,Suburbs,86
539,42.66352394,Online Purchase,13.16313429,Suburbs,54
540,58.56838657,Retail Purchase,11.54183488,Suburbs,2
541,67.41080701,Online Purchase,17.76651464,Suburbs,80
542,35.19702629,Retail Purchase,12.38835522,City Center,72
543,53.06667224,Online Purchase,13.61250215,City Center,88
544,18.60010246,Online Purchase,12.54066366,City Center,32
545,74.36764338,Retail Purchase,12.73263051,Online,16
546,76.23215015,Retail Purchase,11.32399271,Suburbs,40
547,79.72209489,Retail Purchase,16.69888811,City Center,80
548,51.58171248,Online Purchase,17.80557858,City Center,46
549,91.27949977,Retail Purchase,13.53371356,City Center,6
550,34.87935347,Retail Purchase,7.073299669,Online,74
551,125.7193797,Retail Purchase,8.726244697,Suburbs,25
552,25.55054533,Online Purchase,6.987849167,Suburbs,100
553,76.05786883,Online Purchase,3.599116699,City Center,21
554,35.55939205,Online Purchase,11.26109172,Suburbs,14
555,53.95100002,Retail Purchase,5.405423847,Suburbs,28
556,58.5052795,Retail Purchase,9.735963035,Suburbs,29
557,39.76313811,Online Purchase,12.27130907,City Center,87
558,34.54485378,Online Purchase,16.98100785,City Center,72
559,34.27593463,Retail Purchase,11.77136533,City Center,56
560,42.80482593,Retail Purchase,12.50867491,Suburbs,9
561,49.08567896,Retail Purchase,7.484708812,Suburbs,5
562,77.69000583,Retail Purchase,7.717133186,Online,18
563,51.27485679,Online Purchase,7.986978071,Online,42
564,37.71567324,Retail Purchase,14.94948383,City Center,81
565,49.9460476,Online Purchase,17.07790599,Suburbs,51
566,52.03501152,Online Purchase,5.205451293,Online,23
567,81.84561093,Online Purchase,11.12087877,Suburbs,97
568,54.87769568,Online Purchase,8.298862751,Online,49
569,53.6740376,Retail Purchase,11.9852758,Online,38
570,37.6565763,Retail Purchase,11.93900854,Suburbs,12
571,29.30492762,Retail Purchase,10.59013391,Online,34
572,36.61260884,Retail Purchase,15.28818312,Suburbs,92
573,19.21172814,Online Purchase,4.265777141,Suburbs,15
574,60.40793453,Retail Purchase,13.75070491,City Center,41
575,100.6541257,Retail Purchase,11.56342775,Online,3
576,48.42352166,Online Purchase,15.67989164,Suburbs,20
577,59.71259801,Online Purchase,9.989099261,City Center,82
578,86.99310781,Online Purchase,10.95877434,Online,96
579,44.87973882,Online Purchase,18.99076537,Suburbs,8
580,39.91585022,Retail Purchase,11.17680734,City Center,33
581,50.73770727,Retail Purchase,16.24280935,Suburbs,7
582,69.76038585,Retail Purchase,21.85613578,City Center,100
583,66.05196959,Retail Purchase,12.27422961,Online,27
584,29.24452263,Retail Purchase,15.0754046,City Center,77
585,55.69078315,Online Purchase,12.03802921,City Center,2
586,44.64200284,Online Purchase,18.47022659,City Center,83
587,89.12488562,Retail Purchase,7.364989818,Suburbs,25
588,16.7341651,Retail Purchase,10.33957328,Suburbs,44
589,53.12218621,Retail Purchase,21.36804544,Online,53
590,96.69854391,Retail Purchase,6.420889068,Suburbs,24
591,31.75871598,Retail Purchase,7.739477797,Online,6
592,36.29084939,Online Purchase,14.55073979,Suburbs,47
593,68.31892789,Online Purchase,2.60820929,Online,69
594,30.89987488,Retail Purchase,8.633731147,City Center,42
595,56.08761454,Online Purchase,13.86594831,Online,7
596,47.16747771,Online Purchase,7.091847711,Suburbs,55
597,32.79119275,Online Purchase,7.946554674,Online,100
598,59.19084062,Online Purchase,8.397883911,City Center,36
599,29.75480209,Retail Purchase,11.00790966,City Center,49
600,44.15106692,Online Purchase,9.916374065,Online,83
601,56.8162395,Online Purchase,10.69466399,Suburbs,8
602,60.37789083,Retail Purchase,12.33322759,Suburbs,19
603,40.40085491,Retail Purchase,13.88881692,City Center,77
604,23.31131101,Online Purchase,7.938935135,Suburbs,77
605,51.24666577,Online Purchase,14.99501501,Suburbs,98
606,47.18780564,Retail Purchase,6.615656533,Suburbs,61
607,43.54977482,Retail Purchase,12.11566267,Online,84
608,49.74323365,Retail Purchase,7.87788236,Online,32
609,78.39443832,Retail Purchase,7.370960891,Online,47
610,92.45038343,Online Purchase,8.75081609,Suburbs,93
611,37.36467174,Online Purchase,12.40528065,City Center,34
612,84.96600281,Online Purchase,18.96575606,Suburbs,82
613,45.89202157,Online Purchase,14.43404064,Suburbs,44
614,94.05321369,Online Purchase,10.26007208,Online,43
615,82.02220655,Online Purchase,14.36025971,Suburbs,47
616,49.27192923,Online Purchase,7.731845259,Suburbs,33
617,40.56305082,Retail Purchase,13.74262526,Online,4
618,59.33291704,Retail Purchase,10.55388688,Online,34
619,37.3115874,Retail Purchase,16.65993744,Online,6
620,53.63938101,Retail Purchase,10.50729007,City Center,100
621,50.55253631,Retail Purchase,10.74736426,Suburbs,72
622,66.54544322,Online Purchase,10.68053972,Online,8
623,27.27547436,Online Purchase,10.70771234,Suburbs,33
624,66.38053667,Retail Purchase,15.12204327,Suburbs,29
625,48.40389964,Online Purchase,9.825797523,Online,44
626,80.54991343,Retail Purchase,13.01826451,Online,5
627,33.69107641,Retail Purchase,11.84531205,Online,47
628,64.21412551,Retail Purchase,13.90961753,Online,62
629,53.87580195,Online Purchase,14.13259957,Online,25
630,58.55487915,Retail Purchase,14.60473575,City Center,32
631,45.17492587,Online Purchase,13.94740979,Suburbs,90
632,53.06339706,Retail Purchase,16.08349682,Online,16
633,58.77091002,Retail Purchase,8.8926588,City Center,95
634,62.51010308,Retail Purchase,14.20304402,City Center,38
635,50.89990712,Retail Purchase,9.027248639,City Center,39
636,52.89381482,Online Purchase,9.804553383,Suburbs,2
637,57.95997028,Online Purchase,9.330696611,City Center,43
638,34.83023392,Retail Purchase,5.902274464,Suburbs,90
639,39.38919078,Online Purchase,7.551886853,Online,30
640,58.56696292,Retail Purchase,11.93466013,City Center,30
641,65.16046533,Online Purchase,10.16914514,City Center,100
642,97.94450578,Retail Purchase,3.350892927,Suburbs,67
643,33.39396498,Online Purchase,7.569315369,Suburbs,55
644,11.73768194,Retail Purchase,8.782075835,City Center,11
645,30.71590721,Online Purchase,4.827241991,Suburbs,59
646,79.05635341,Online Purchase,0.825010626,Suburbs,2
647,15.51774714,Retail Purchase,16.00255338,Suburbs,63
648,98.16451284,Online Purchase,6.507104231,Online,37
649,80.8359336,Online Purchase,5.200770822,Online,2
650,41.39128177,Retail Purchase,10.78988803,Online,95
651,54.69147486,Online Purchase,15.58771081,Online,84
652,53.76128179,Retail Purchase,5.004716962,Suburbs,33
653,41.6399425,Online Purchase,16.20089831,Online,99
654,68.30155085,Retail Purchase,15.28713983,Suburbs,100
655,77.62531625,Retail Purchase,4.122278654,City Center,39
656,57.08855515,Online Purchase,12.23377653,Online,56
657,32.11911134,Online Purchase,17.47263158,Suburbs,36
658,82.58697236,Retail Purchase,7.582439593,Online,23
659,89.79484385,Retail Purchase,12.71611601,Suburbs,30
660,45.65525801,Retail Purchase,19.25902172,City Center,55
661,55.2516298,Retail Purchase,8.007325323,Suburbs,79
662,13.40515697,Online Purchase,12.40534497,City Center,58
663,54.15541773,Online Purchase,12.51592088,City Center,99
664,29.84836908,Online Purchase,12.36044773,Suburbs,76
665,59.15802792,Retail Purchase,8.439134693,Online,60
666,80.79091602,Online Purchase,16.13007053,Online,38
667,67.24276533,Retail Purchase,13.49908247,Online,19
668,62.99882527,Online Purchase,12.28502009,City Center,23
669,55.22810267,Retail Purchase,15.56546828,Suburbs,87
670,52.37947817,Online Purchase,17.8380315,Suburbs,46
671,26.27781651,Online Purchase,6.712235704,Suburbs,44
672,27.44163158,Online Purchase,6.061517091,City Center,47
673,78.14789015,Online Purchase,6.617937979,Online,34
674,86.62450523,Online Purchase,16.03848745,Online,65
675,73.13030989,Online Purchase,14.86959908,Online,7
676,86.20383769,Online Purchase,12.34808682,City Center,29
677,55.33927588,Online Purchase,10.96702016,City Center,61
678,75.16224839,Retail Purchase,18.35045384,Online,31
679,69.88921961,Retail Purchase,11.39100296,Online,13
680,13.17680218,Retail Purchase,11.84944814,City Center,40
681,99.90183296,Retail Purchase,23.15440862,Suburbs,1
682,61.73238236,Retail Purchase,16.74690882,City Center,67
683,45.01490672,Online Purchase,8.396124611,Online,90
684,28.55176234,Retail Purchase,15.18722951,Suburbs,81
685,53.11552649,Online Purchase,11.84994894,Suburbs,46
686,9.465490759,Online Purchase,12.14158134,Online,42
687,59.17063122,Online Purchase,10.84098533,City Center,91
688,33.73954623,Online Purchase,14.94693406,Suburbs,53
689,62.5894935,Retail Purchase,17.25645729,Online,23
690,18.63465879,Online Purchase,15.54855461,Online,27
691,108.7672525,Retail Purchase,8.741107614,Suburbs,66
692,18.53988614,Retail Purchase,14.75494732,City Center,98
693,29.61795666,Retail Purchase,10.687396,Suburbs,58
694,48.59710458,Retail Purchase,10.75338272,City Center,75
695,68.99615496,Retail Purchase,12.23618725,Suburbs,12
696,80.77989804,Online Purchase,3.80495955,Suburbs,29
697,26.38895433,Retail Purchase,10.10129289,Online,49
698,41.66112077,Online Purchase,13.4324777,Online,23
699,76.67256879,Retail Purchase,12.43862363,Suburbs,35
700,53.2502179,Online Purchase,7.205253652,Online,5
701,77.01358712,Retail Purchase,11.72658602,Online,47
702,64.59681779,Retail Purchase,12.22461209,Online,44
703,55.87306865,Retail Purchase,17.98811331,Suburbs,5
704,56.40685069,Online Purchase,12.78380929,Online,30
705,629.744383,Online Purchase,3.249808475,Suburbs,70
706,30.51531607,Retail Purchase,8.723075495,City Center,96
707,85.88669499,Retail Purchase,13.77862492,City Center,43
708,50.10982227,Retail Purchase,14.63381704,City Center,100
709,41.58611905,Online Purchase,14.13419681,City Center,35
710,75.86313486,Retail Purchase,15.02928028,Online,62
711,42.29325785,Retail Purchase,13.07263535,Suburbs,80
712,26.86371631,Retail Purchase,13.88279438,City Center,28
713,89.32825963,Retail Purchase,17.33221649,Online,66
714,73.11994845,Retail Purchase,13.6214625,Online,31
715,41.27861112,Online Purchase,9.106242308,Suburbs,14
716,27.7961843,Retail Purchase,11.6089899,Suburbs,7
717,59.43345063,Online Purchase,15.08895973,Online,78
718,64.43548458,Online Purchase,14.77562264,Online,54
719,72.90119512,Online Purchase,12.4442688,Suburbs,74
720,4.748151303,Online Purchase,2.278976775,Suburbs,32
721,38.50992795,Retail Purchase,11.66390907,Online,92
722,20.39661649,Retail Purchase,7.057530691,Suburbs,20
723,20.43644885,Retail Purchase,6.188920365,City Center,72
724,65.6075669,Retail Purchase,16.68256025,Online,99
725,55.03597157,Online Purchase,10.47219478,Online,80
726,48.43400433,Retail Purchase,6.594259037,Online,36
727,57.59879069,Online Purchase,16.97796153,Suburbs,71
728,49.49759288,Online Purchase,11.91211481,Suburbs,53
729,58.69716643,Online Purchase,10.72064536,Suburbs,17
730,29.67390035,Retail Purchase,11.4854522,Online,89
731,47.2854022,Online Purchase,12.00283728,Suburbs,96
732,73.46881996,Retail Purchase,6.176553929,Suburbs,79
733,58.09857307,Online Purchase,12.08612244,Suburbs,68
734,74.66327992,Retail Purchase,9.209854249,Online,69
735,26.32023843,Retail Purchase,13.32366585,Suburbs,18
736,70.8097051,Retail Purchase,13.80040147,Online,65
737,49.46093985,Online Purchase,11.15783169,Suburbs,55
738,32.28949512,Retail Purchase,8.977908633,Online,40
739,30.04158597,Online Purchase,5.862922189,Online,100
740,53.23440763,Online Purchase,8.810500011,Suburbs,16
741,28.91458357,Retail Purchase,11.53089799,Suburbs,64
742,43.22590821,Retail Purchase,6.772706186,Suburbs,71
743,21.56556983,Online Purchase,10.74478769,City Center,43
744,53.55558762,Retail Purchase,4.445086279,Online,79
745,66.4412506,Online Purchase,15.60708632,Online,36
746,50.02633736,Online Purchase,12.92293325,Suburbs,29
747,90.13080534,Online Purchase,12.56778727,Suburbs,34
748,47.0806468,Retail Purchase,14.51160361,City Center,55
749,51.21613423,Online Purchase,11.45939759,City Center,21
750,31.08350535,Online Purchase,2.685373669,City Center,73
751,49.21759394,Online Purchase,12.27974499,Online,20
752,40.20119792,Retail Purchase,15.69497229,Suburbs,12
753,21.29134666,Online Purchase,8.472404965,City Center,25
754,60.79052085,Retail Purchase,11.42340431,Suburbs,94
755,44.80153247,Online Purchase,12.96373337,Suburbs,84
756,67.99481457,Retail Purchase,13.32032988,Online,65
757,33.16590809,Online Purchase,20.59695207,Suburbs,2
758,74.7741624,Retail Purchase,10.76018346,Suburbs,43
759,36.57761541,Retail Purchase,13.84137677,City Center,59
760,88.22473605,Online Purchase,16.60716931,Suburbs,83
761,64.01885951,Online Purchase,11.37937691,Online,14
762,59.68918406,Retail Purchase,11.25891929,Suburbs,36
763,56.9002127,Online Purchase,14.093678,City Center,6
764,40.6420711,Online Purchase,8.653390478,Suburbs,88
765,55.48304278,Online Purchase,11.52278396,Online,90
766,28.71050828,Online Purchase,13.35330702,Suburbs,8
767,47.96801933,Online Purchase,14.74755814,Suburbs,60
768,58.01243907,Retail Purchase,9.999625378,Suburbs,31
769,21.15509865,Online Purchase,11.2206966,Suburbs,20
770,6.610279134,Retail Purchase,13.10611315,Online,47
771,24.44279135,Online Purchase,15.2768248,City Center,47
772,65.9379434,Online Purchase,16.90851648,Online,72
773,55.89424756,Retail Purchase,11.52406991,City Center,92
774,1.394554703,Retail Purchase,8.501815556,City Center,50
775,21.84525104,Retail Purchase,15.24343766,Online,3
776,65.67936688,Online Purchase,13.77733507,City Center,15
777,32.94984284,Retail Purchase,10.43355401,Online,95
778,24.25910427,Online Purchase,18.44634405,City Center,21
779,45.42792592,Retail Purchase,0.793736959,Suburbs,36
780,61.52265926,Retail Purchase,10.66240415,Suburbs,77
781,43.03526978,Online Purchase,10.40743761,Suburbs,24
782,559.5451335,Online Purchase,11.00296097,Suburbs,84
783,62.82592882,Online Purchase,14.8624973,Suburbs,50
784,24.5750026,Retail Purchase,17.81054819,Suburbs,17
785,56.89012694,Retail Purchase,13.32081653,Online,63
786,43.59620344,Online Purchase,12.46334114,Online,94
787,38.74682533,Online Purchase,6.315207523,City Center,3
788,30.60525945,Online Purchase,14.18142116,Suburbs,67
789,33.71781621,Online Purchase,16.43829916,Suburbs,11
790,78.18281936,Retail Purchase,13.38083192,Suburbs,39
791,43.80663858,Online Purchase,22.34733299,City Center,61
792,54.5128507,Retail Purchase,8.901021322,Online,34
793,17.26955306,Online Purchase,10.87868845,Online,43
794,68.8458274,Retail Purchase,7.113688481,Online,10
795,49.94003761,Online Purchase,17.06755514,Online,26
796,64.09459499,Online Purchase,9.826596562,Suburbs,78
797,62.61976346,Retail Purchase,6.361171172,City Center,27
798,62.97207985,Online Purchase,9.473346306,Online,34
799,52.28704492,Retail Purchase,13.16736867,Online,29
800,75.47962386,Online Purchase,15.09599565,Suburbs,81
801,84.74990444,Online Purchase,11.8386424,City Center,91
802,63.14938118,Retail Purchase,16.0322496,Suburbs,46
803,65.48389271,Retail Purchase,12.97709752,Online,99
804,44.28038353,Online Purchase,9.545221752,City Center,65
805,44.03717016,Retail Purchase,17.58526258,Suburbs,74
806,46.21628377,Retail Purchase,11.8429627,Suburbs,75
807,32.86444199,Retail Purchase,11.8753918,Suburbs,96
808,74.12994122,Retail Purchase,8.6015577,Online,98
809,87.72451738,Retail Purchase,13.12459731,Online,39
810,23.01167704,Online Purchase,11.01746971,Online,37
811,44.27254444,Retail Purchase,9.545855974,Online,62
812,71.87946836,Retail Purchase,9.018269401,Suburbs,25
813,61.16566783,Retail Purchase,17.9942811,Online,24
814,61.66957956,Retail Purchase,2.976471471,Suburbs,48
815,24.12996082,Online Purchase,6.716219579,Suburbs,54
816,31.27477423,Online Purchase,10.72168972,Suburbs,48
817,26.24824277,Retail Purchase,4.684353606,Suburbs,3
818,64.84086809,Retail Purchase,11.92178121,Online,95
819,70.88799877,Online Purchase,16.9140682,City Center,79
820,52.9707504,Retail Purchase,12.02746337,Online,50
821,52.49877448,Online Purchase,19.81555242,Online,30
822,52.71322614,Online Purchase,14.12622207,Online,8
823,53.43229494,Retail Purchase,12.18315641,Online,13
824,73.22469066,Retail Purchase,11.53712691,City Center,89
825,47.85140438,Online Purchase,11.71247727,Suburbs,79
826,44.76450988,Online Purchase,8.793114807,City Center,2
827,55.05355268,Retail Purchase,15.99821443,City Center,82
828,70.03453242,Online Purchase,15.1545257,Online,24
829,56.88316551,Retail Purchase,9.159987818,City Center,37
830,29.71788222,Online Purchase,10.07864237,Suburbs,58
831,65.51702509,Online Purchase,16.67818969,City Center,11
832,67.42679527,Retail Purchase,19.37929509,Online,22
833,51.09776783,Retail Purchase,14.31981558,Suburbs,54
834,46.16729568,Online Purchase,3.029644045,Online,90
835,33.1800717,Online Purchase,13.35299427,Suburbs,31
836,33.23870487,Online Purchase,8.354481165,Suburbs,37
837,64.12214127,Retail Purchase,15.47460798,Suburbs,44
838,66.46825969,Retail Purchase,21.7163759,Suburbs,47
839,22.39181281,Retail Purchase,14.14663118,City Center,47
840,35.29083959,Retail Purchase,16.70560151,City Center,76
841,37.07120047,Retail Purchase,11.51521533,Suburbs,41
842,1.735842818,Retail Purchase,15.68299386,Suburbs,75
843,44.20816267,Online Purchase,13.04603886,Suburbs,52
844,39.52855727,Online Purchase,7.121732155,City Center,48
845,51.04080469,Online Purchase,17.47254347,Suburbs,26
846,53.12691138,Online Purchase,14.2849277,Online,53
847,46.28938792,Retail Purchase,11.80127361,City Center,75
848,480.7547022,Retail Purchase,4.150528682,Suburbs,50
849,30.48146206,Retail Purchase,17.78463023,Suburbs,97
850,60.40034096,Online Purchase,13.47795991,Online,80
851,42.81985146,Retail Purchase,10.13225457,City Center,69
852,67.73165311,Online Purchase,5.75906251,Suburbs,40
853,57.81983843,Retail Purchase,9.012463133,Suburbs,6
854,78.30099495,Retail Purchase,11.8746119,Suburbs,22
855,36.11113982,Retail Purchase,9.917976365,City Center,88
856,32.20021953,Retail Purchase,8.772806268,City Center,34
857,38.56382093,Online Purchase,16.87612451,Suburbs,2
858,45.27540896,Retail Purchase,9.793745366,City Center,3
859,70.3832853,Retail Purchase,16.44150235,Suburbs,33
860,75.21670097,Online Purchase,6.492390112,Online,90
861,63.41925264,Online Purchase,13.82814534,Suburbs,67
862,37.02200544,Retail Purchase,11.57055028,Online,78
863,45.32222455,Retail Purchase,10.28375129,City Center,38
864,10.8041633,Online Purchase,6.472767812,City Center,56
865,20.8919415,Online Purchase,13.85505594,Suburbs,17
866,40.27318298,Retail Purchase,11.46515631,Suburbs,93
867,55.23855219,Online Purchase,14.64678668,City Center,55
868,58.82361545,Retail Purchase,11.72396722,Online,91
869,9.278250273,Retail Purchase,10.39156828,City Center,78
870,81.82553132,Retail Purchase,11.92965617,Online,61
871,59.26595647,Retail Purchase,13.99704998,Suburbs,76
872,58.79799846,Online Purchase,14.85165804,City Center,79
873,3.690163543,Retail Purchase,18.09221889,Suburbs,37
874,46.92225571,Retail Purchase,8.457633733,Suburbs,65
875,66.91789876,Retail Purchase,6.35579763,Suburbs,85
876,43.15071228,Retail Purchase,5.917287041,Suburbs,78
877,42.99444995,Online Purchase,13.0651902,City Center,34
878,37.85960643,Online Purchase,15.15847972,City Center,41
879,52.99606906,Online Purchase,19.76960272,Online,66
880,78.89628754,Online Purchase,10.89036065,Online,43
881,52.27824138,Retail Purchase,4.402110749,Online,55
882,55.17057295,Online Purchase,11.81220794,City Center,2
883,41.11070403,Online Purchase,2.979085595,Suburbs,53
884,55.09766037,Online Purchase,14.81565035,Suburbs,41
885,50.0958219,Retail Purchase,12.19086455,Online,65
886,80.22352644,Online Purchase,9.809996736,Online,16
887,47.34214116,Online Purchase,17.25409337,Online,75
888,71.08174512,Online Purchase,18.61258399,Online,11
889,31.6109847,Retail Purchase,9.651966787,Online,15
890,43.40976918,Retail Purchase,8.684505586,Suburbs,82
891,39.20034815,Online Purchase,19.80262008,Suburbs,38
892,85.82522355,Online Purchase,15.39831361,Suburbs,10
893,41.33106994,Retail Purchase,20.09375156,Online,83
894,80.14712958,Retail Purchase,18.65573799,City Center,94
895,17.30443294,Retail Purchase,13.84833379,Suburbs,96
896,84.04203212,Online Purchase,14.59668118,City Center,14
897,64.86871648,Online Purchase,7.748062636,City Center,71
898,2.821196089,Online Purchase,15.33354031,Online,67
899,41.34340507,Online Purchase,11.47006708,Suburbs,90
900,62.71381181,Online Purchase,7.756755218,Online,21
901,21.87980335,Retail Purchase,11.55834071,Suburbs,60
902,66.46134419,Retail Purchase,10.91348182,City Center,1
903,69.93588682,Online Purchase,11.51220838,Online,67
904,2.043995052,Retail Purchase,11.09045838,Online,78
905,30.57623404,Online Purchase,11.6889358,City Center,53
906,23.23357965,Online Purchase,11.66974332,Online,80
907,49.96058384,Retail Purchase,15.38874069,Online,75
908,64.12317602,Retail Purchase,14.88529313,City Center,86
909,54.29423762,Online Purchase,10.29992757,City Center,88
910,16.71358229,Retail Purchase,11.2813054,City Center,34
911,88.13394082,Retail Purchase,13.70210774,City Center,86
912,76.60092057,Online Purchase,8.373442676,Online,71
913,32.50966414,Online Purchase,14.27651083,Online,11
914,26.25354247,Online Purchase,11.58068455,Online,80
915,49.6003248,Online Purchase,8.995237609,Suburbs,14
916,36.76323284,Online Purchase,10.73498344,Suburbs,86
917,68.32484827,Retail Purchase,9.257469731,City Center,91
918,69.24445913,Retail Purchase,18.90649257,Online,29
919,64.69900584,Retail Purchase,11.03325539,City Center,39
920,28.14351179,Retail Purchase,17.99840776,City Center,93
921,69.1082991,Retail Purchase,10.33396136,Online,56
922,49.87503111,Retail Purchase,11.29972464,Online,75
923,21.30653941,Retail Purchase,20.67982927,Suburbs,5
924,70.82365107,Retail Purchase,11.57921362,City Center,18
925,66.28033376,Retail Purchase,16.40281713,Suburbs,99
926,81.59975649,Online Purchase,16.40075205,Online,27
927,92.14495163,Online Purchase,10.01163396,Online,85
928,72.47728022,Online Purchase,10.10488325,Online,84
929,58.99761793,Online Purchase,2.528587991,Suburbs,20
930,35.91342991,Online Purchase,10.00627516,Online,92
931,63.20615388,Retail Purchase,12.09351403,City Center,25
932,57.80265168,Retail Purchase,19.57618184,Suburbs,57
933,32.33322885,Retail Purchase,10.13279042,Online,30
934,37.78875444,Retail Purchase,7.940636944,Online,14
935,63.46915884,Retail Purchase,4.090407975,Online,77
936,50.68457465,Retail Purchase,11.99393749,City Center,42
937,48.44617389,Online Purchase,11.87471411,City Center,85
938,82.01373458,Online Purchase,18.04256589,Suburbs,56
939,58.31568796,Online Purchase,16.42597784,City Center,62
940,54.41961352,Online Purchase,3.563231839,Online,86
941,51.12818328,Online Purchase,4.455442982,City Center,42
942,71.94399084,Online Purchase,14.00263927,Suburbs,40
943,21.07961124,Retail Purchase,19.80572287,Suburbs,3
944,57.41515719,Retail Purchase,11.41966362,Online,16
945,41.91226883,Online Purchase,16.84625642,City Center,9
946,81.84202734,Retail Purchase,16.36139755,City Center,22
947,30.73628434,Online Purchase,3.082785969,Suburbs,23
948,65.10286322,Online Purchase,4.362326473,City Center,15
949,16.4236435,Retail Purchase,10.64334628,Online,72
950,501.5804422,Online Purchase,18.04160628,City Center,20
951,84.43834904,Retail Purchase,11.16666251,Online,75
952,72.00846253,Retail Purchase,11.67496687,Suburbs,22
953,53.17834223,Retail Purchase,10.45272201,Online,63
954,53.4531171,Online Purchase,7.704297495,City Center,44
955,41.14793648,Online Purchase,3.03657307,City Center,72
956,68.31738298,Online Purchase,13.40157342,Online,5
957,37.85165992,Online Purchase,5.621777632,Online,97
958,76.52190033,Retail Purchase,10.32757535,Suburbs,26
959,40.03212908,Online Purchase,6.504332584,Suburbs,48
960,48.30248078,Online Purchase,9.937754933,Online,21
961,54.86954013,Retail Purchase,12.61276357,Suburbs,37
962,43.47758696,Retail Purchase,9.795912466,Online,67
963,42.3996416,Retail Purchase,9.646878418,City Center,75
964,27.01172591,Online Purchase,6.252279168,Suburbs,47
965,47.83119998,Retail Purchase,12.23913451,City Center,58
966,60.39514547,Online Purchase,13.89082538,Online,7
967,70.86060292,Retail Purchase,9.47842025,Online,82
968,35.21744962,Retail Purchase,9.296822279,Suburbs,88
969,51.51234979,Online Purchase,11.31555865,Online,80
970,86.09242994,Retail Purchase,8.935717149,City Center,25
971,6.377098962,Online Purchase,15.12953108,Suburbs,12
972,51.17487718,Retail Purchase,12.03206699,Online,30
973,391.0401955,Online Purchase,14.27042228,Online,50
974,90.83124543,Retail Purchase,11.34957214,Suburbs,11
975,66.25501632,Retail Purchase,7.558595009,Online,21
976,55.92611468,Online Purchase,11.50877921,Suburbs,88
977,50.42642632,Retail Purchase,16.9284726,Suburbs,81
978,48.74415322,Online Purchase,14.63627182,City Center,78
979,56.99387096,Retail Purchase,10.84664701,Suburbs,71
980,47.32016908,Online Purchase,16.82459436,Online,10
981,41.91770528,Online Purchase,12.23509176,Suburbs,50
982,10.61348846,Online Purchase,9.993150008,City Center,90
983,57.44567235,Retail Purchase,11.69591561,Online,95
984,61.42019055,Online Purchase,19.61393596,Online,89
985,62.4306364,Retail Purchase,15.64852269,Online,45
986,40.4425477,Online Purchase,9.248720306,Online,46
987,22.13728011,Retail Purchase,15.05937368,Suburbs,55
988,73.68551027,Online Purchase,11.30826958,City Center,88
989,55.79948045,Online Purchase,10.21555986,Suburbs,25
990,31.6823724,Retail Purchase,14.04557289,Online,13
991,30.5138251,Retail Purchase,9.203208154,City Center,63
992,61.61400579,Online Purchase,14.67088716,City Center,26
993,94.64017072,Retail Purchase,9.463131093,City Center,48
994,55.02124656,Retail Purchase,13.79099501,Suburbs,58
995,92.15348041,Online Purchase,13.89411165,Online,19
996,26.75165553,Online Purchase,6.958674113,Online,19
997,22.72749104,Retail Purchase,8.522672141,Suburbs,60
998,61.21366161,Online Purchase,11.29867897,Online,53
999,81.50980516,Retail Purchase,13.5761373,Online,25
1000,65.20820191,Retail Purchase,14.75220667,Online,94
