Customer_ID,Product_Code,Unit_Price_Code,Location_Code,Currency_Code,Unit_of_Measure,Sales_Quantity,Sales_Date,Promotion_Code,Discount_Code,Loyalty_Program_Code,History,Created_DT,Created_User,Updated_DT,Updated_User
C000001,PC001,UPC001,L009,USD,Liter,1,2010-01-01,,,LP001,No,2024-01-23 10:00:00,DSAI User,2024-01-23 10:00:00,DSAI User
C000002,PC002,UPC002,L004,USD,Liter,2,2010-01-01,PRO0001,,LP002,No,2024-01-23 10:00:00,DSAI User,2024-01-23 10:00:00,DSAI User
C000003,PC003,UPC003,L002,INR,Nos,1,2010-01-01,,,LP003,No,2024-01-23 10:00:00,DSAI User,2024-01-23 10:00:00,DSAI User
C000004,PC004,UPC004,L008,USD,Kilogram,1,2010-01-01,,,LP004,No,2024-01-23 10:00:00,DSAI User,2024-01-23 10:00:00,DSAI User
C000005,PC002,UPC002,L004,SDG,Liter,3,2010-01-02,,,LP005,No,2024-01-23 10:00:00,DSAI User,2024-01-23 10:00:00,DSAI User
C000006,PC003,UPC003,L008,USD,Nos,1,2010-01-03,,,LP006,No,2024-01-23 10:00:00,DSAI User,2024-01-23 10:00:00,DSAI User
C000007,PC004,UPC004,L008,USD,Kilogram,2,2010-01-04,,,LP007,No,2024-01-23 10:00:00,DSAI User,2024-01-23 10:00:00,DSAI User
C000008,PC005,UPC005,L006,USD,Kilogram,5,2010-01-05,,DC001,LP008,No,2024-01-23 10:00:00,DSAI User,2024-01-23 10:00:00,DSAI User
C000009,PC006,UPC006,L006,SDG,Nos,3,2010-01-06,,DC002,LP009,No,2024-01-23 10:00:00,DSAI User,2024-01-23 10:00:00,DSAI User
C000010,PC007,UPC007,L009,INR,Nos,1,2010-01-07,PRO0001,DC003,LP010,No,2024-01-23 10:00:00,DSAI User,2024-01-23 10:00:00,DSAI User
C000011,PC008,UPC008,L007,SDG,Kilogram,2,2010-01-08,,DC004,,No,2024-01-23 10:00:00,DSAI User,2024-01-23 10:00:00,DSAI User
C000012,PC009,UPC009,L003,USD,Kilogram,1,2010-01-09,,DC005,,No,2024-01-23 10:00:00,DSAI User,2024-01-23 10:00:00,DSAI User
C000013,PC010,UPC010,L001,USD,Kilogram,1,2010-01-10,,,,No,2024-01-23 10:00:00,DSAI User,2024-01-23 10:00:00,DSAI User
C000014,PC011,UPC011,L002,USD,Kilogram,3,2010-01-11,,,,No,2024-01-23 10:00:00,DSAI User,2024-01-23 10:00:00,DSAI User
C000015,PC012,UPC012,L009,SDG,Nos,1,2010-01-12,,,,No,2024-01-23 10:00:00,DSAI User,2024-01-23 10:00:00,DSAI User
C000016,PC013,UPC013,L004,SDG,Nos,2,2010-01-13,,,,No,2024-01-23 10:00:00,DSAI User,2024-01-23 10:00:00,DSAI User
C000017,PC014,UPC014,L008,INR,Nos,5,2010-01-14,,,,No,2024-01-23 10:00:00,DSAI User,2024-01-23 10:00:00,DSAI User
C000018,PC015,UPC015,L007,USD,Nos,3,2010-01-15,PRO0002,,,No,2024-01-23 10:00:00,DSAI User,2024-01-23 10:00:00,DSAI User
C000019,PC016,UPC016,L010,USD,Kilogram,1,2010-01-16,,DC001,,No,2024-01-23 10:00:00,DSAI User,2024-01-23 10:00:00,DSAI User
C000020,PC017,UPC017,L001,USD,Kilogram,2,2010-01-17,,DC002,,No,2024-01-23 10:00:00,DSAI User,2024-01-23 10:00:00,DSAI User
C000001,PC018,UPC018,L005,USD,Nos,1,2010-01-18,,DC003,,No,2024-01-23 10:00:00,DSAI User,2024-01-23 10:00:00,DSAI User
C000002,PC001,UPC001,L007,INR,Liter,1,2010-01-19,,DC004,,No,2024-01-23 10:00:00,DSAI User,2024-01-23 10:00:00,DSAI User
C000003,PC002,UPC002,L008,INR,Liter,3,2010-01-20,,DC005,,No,2024-01-23 10:00:00,DSAI User,2024-01-23 10:00:00,DSAI User
C000004,PC003,UPC003,L006,USD,Nos,1,2010-01-21,,,,No,2024-01-23 10:00:00,DSAI User,2024-01-23 10:00:00,DSAI User
C000005,PC004,UPC004,L004,INR,Kilogram,2,2010-01-22,,,,No,2024-01-23 10:00:00,DSAI User,2024-01-23 10:00:00,DSAI User
C000006,PC002,UPC002,L006,USD,Liter,5,2010-01-23,,,,No,2024-01-23 10:00:00,DSAI User,2024-01-23 10:00:00,DSAI User
C000007,PC003,UPC003,L009,USD,Nos,3,2010-01-24,,,,No,2024-01-23 10:00:00,DSAI User,2024-01-23 10:00:00,DSAI User
C000008,PC004,UPC004,L006,SDG,Kilogram,1,2010-01-25,,,,No,2024-01-23 10:00:00,DSAI User,2024-01-23 10:00:00,DSAI User
C000009,PC005,UPC005,L005,USD,Kilogram,2,2010-01-26,PRO0003,,,No,2024-01-23 10:00:00,DSAI User,2024-01-23 10:00:00,DSAI User
C000010,PC006,UPC006,L008,INR,Nos,1,2010-01-27,,,LP001,No,2024-01-23 10:00:00,DSAI User,2024-01-23 10:00:00,DSAI User
C000011,PC007,UPC007,L002,INR,Nos,1,2010-01-28,,,LP002,No,2024-01-23 10:00:00,DSAI User,2024-01-23 10:00:00,DSAI User
C000012,PC008,UPC008,L005,INR,Kilogram,3,2010-01-29,,,LP003,No,2024-01-23 10:00:00,DSAI User,2024-01-23 10:00:00,DSAI User
C000013,PC009,UPC009,L007,USD,Kilogram,1,2010-01-30,,,LP004,No,2024-01-23 10:00:00,DSAI User,2024-01-23 10:00:00,DSAI User
C000014,PC010,UPC010,L002,INR,Kilogram,2,2010-01-31,,,LP005,No,2024-01-23 10:00:00,DSAI User,2024-01-23 10:00:00,DSAI User
C000015,PC011,UPC011,L007,SDG,Kilogram,5,2010-02-01,,,LP006,No,2024-01-23 10:00:00,DSAI User,2024-01-23 10:00:00,DSAI User
C000016,PC012,UPC012,L002,USD,Nos,3,2010-02-02,,,LP007,No,2024-01-23 10:00:00,DSAI User,2024-01-23 10:00:00,DSAI User
C000017,PC013,UPC013,L008,USD,Nos,1,2010-02-03,,,LP008,No,2024-01-23 10:00:00,DSAI User,2024-01-23 10:00:00,DSAI User
C000018,PC014,UPC014,L010,INR,Nos,2,2010-02-04,,,LP009,No,2024-01-23 10:00:00,DSAI User,2024-01-23 10:00:00,DSAI User
C000019,PC015,UPC015,L007,USD,Nos,1,2010-02-05,,,LP010,No,2024-01-23 10:00:00,DSAI User,2024-01-23 10:00:00,DSAI User
C000020,PC016,UPC016,L003,USD,Kilogram,1,2010-02-06,,DC001,,No,2024-01-23 10:00:00,DSAI User,2024-01-23 10:00:00,DSAI User
C000001,PC017,UPC017,L010,INR,Kilogram,3,2010-02-07,,DC002,,No,2024-01-23 10:00:00,DSAI User,2024-01-23 10:00:00,DSAI User
C000002,PC018,UPC018,L006,SDG,Nos,1,2010-02-08,,DC003,,No,2024-01-23 10:00:00,DSAI User,2024-01-23 10:00:00,DSAI User
C000003,PC001,UPC001,L002,USD,Liter,2,2010-02-09,,DC004,,No,2024-01-23 10:00:00,DSAI User,2024-01-23 10:00:00,DSAI User
C000004,PC002,UPC002,L002,SDG,Liter,5,2010-02-10,,DC005,,No,2024-01-23 10:00:00,DSAI User,2024-01-23 10:00:00,DSAI User
C000005,PC003,UPC003,L001,SDG,Nos,3,2010-02-11,PRO0001,,,No,2024-01-23 10:00:00,DSAI User,2024-01-23 10:00:00,DSAI User
C000006,PC004,UPC004,L010,INR,Kilogram,1,2010-02-12,,,,No,2024-01-23 10:00:00,DSAI User,2024-01-23 10:00:00,DSAI User
C000007,PC002,UPC002,L002,SDG,Liter,2,2010-02-13,,,,No,2024-01-23 10:00:00,DSAI User,2024-01-23 10:00:00,DSAI User
C000008,PC003,UPC003,L003,USD,Nos,1,2010-02-14,,,,No,2024-01-23 10:00:00,DSAI User,2024-01-23 10:00:00,DSAI User
C000009,PC004,UPC004,L007,USD,Kilogram,1,2010-02-15,,,,No,2024-01-23 10:00:00,DSAI User,2024-01-23 10:00:00,DSAI User
C000010,PC005,UPC005,L004,INR,Kilogram,3,2010-02-16,,,,No,2024-01-23 10:00:00,DSAI User,2024-01-23 10:00:00,DSAI User
C000011,PC006,UPC006,L008,INR,Nos,1,2010-02-17,,,,No,2024-01-23 10:00:00,DSAI User,2024-01-23 10:00:00,DSAI User
C000012,PC007,UPC007,L001,SDG,Nos,2,2010-02-18,,,,No,2024-01-23 10:00:00,DSAI User,2024-01-23 10:00:00,DSAI User
C000013,PC008,UPC008,L005,SDG,Kilogram,5,2010-02-19,PRO0002,,,No,2024-01-23 10:00:00,DSAI User,2024-01-23 10:00:00,DSAI User
C000014,PC009,UPC009,L002,SDG,Kilogram,3,2010-02-20,,,,No,2024-01-23 10:00:00,DSAI User,2024-01-23 10:00:00,DSAI User
C000015,PC010,UPC010,L004,USD,Kilogram,1,2010-02-21,,,,No,2024-01-23 10:00:00,DSAI User,2024-01-23 10:00:00,DSAI User
C000016,PC011,UPC011,L008,USD,Kilogram,2,2010-02-22,,,LP001,No,2024-01-23 10:00:00,DSAI User,2024-01-23 10:00:00,DSAI User
C000017,PC012,UPC012,L007,SDG,Nos,1,2010-02-23,,,LP002,No,2024-01-23 10:00:00,DSAI User,2024-01-23 10:00:00,DSAI User
C000018,PC013,UPC013,L009,USD,Nos,1,2010-02-24,,,LP003,No,2024-01-23 10:00:00,DSAI User,2024-01-23 10:00:00,DSAI User
C000019,PC014,UPC014,L009,INR,Nos,3,2010-02-25,,,LP004,No,2024-01-23 10:00:00,DSAI User,2024-01-23 10:00:00,DSAI User
C000020,PC015,UPC015,L002,SDG,Nos,1,2010-02-26,,,LP005,No,2024-01-23 10:00:00,DSAI User,2024-01-23 10:00:00,DSAI User
C000001,PC016,UPC016,L001,SDG,Kilogram,2,2010-02-27,,,LP006,No,2024-01-23 10:00:00,DSAI User,2024-01-23 10:00:00,DSAI User
C000002,PC017,UPC017,L010,INR,Kilogram,5,2010-02-28,,,LP007,No,2024-01-23 10:00:00,DSAI User,2024-01-23 10:00:00,DSAI User
C000003,PC018,UPC018,L003,INR,Nos,3,2010-03-01,,,LP008,No,2024-01-23 10:00:00,DSAI User,2024-01-23 10:00:00,DSAI User
C000004,PC001,UPC001,L006,SDG,Liter,1,2010-03-02,PRO0003,,LP009,No,2024-01-23 10:00:00,DSAI User,2024-01-23 10:00:00,DSAI User
C000005,PC002,UPC002,L002,INR,Liter,2,2010-03-03,,,LP010,No,2024-01-23 10:00:00,DSAI User,2024-01-23 10:00:00,DSAI User
C000006,PC003,UPC003,L010,SDG,Nos,1,2010-03-04,,,,No,2024-01-23 10:00:00,DSAI User,2024-01-23 10:00:00,DSAI User
C000007,PC004,UPC004,L002,SDG,Kilogram,1,2010-03-05,,DC001,,No,2024-01-23 10:00:00,DSAI User,2024-01-23 10:00:00,DSAI User
C000008,PC002,UPC002,L009,SDG,Liter,3,2010-03-06,,DC002,,No,2024-01-23 10:00:00,DSAI User,2024-01-23 10:00:00,DSAI User
C000009,PC003,UPC003,L002,INR,Nos,1,2010-03-07,,DC003,,No,2024-01-23 10:00:00,DSAI User,2024-01-23 10:00:00,DSAI User
C000010,PC004,UPC004,L003,SDG,Kilogram,2,2010-03-08,,DC004,,No,2024-01-23 10:00:00,DSAI User,2024-01-23 10:00:00,DSAI User
C000011,PC005,UPC005,L006,SDG,Kilogram,5,2010-03-09,,DC005,,No,2024-01-23 10:00:00,DSAI User,2024-01-23 10:00:00,DSAI User
C000012,PC006,UPC006,L009,INR,Nos,3,2010-03-10,,,,No,2024-01-23 10:00:00,DSAI User,2024-01-23 10:00:00,DSAI User
C000013,PC007,UPC007,L008,INR,Nos,1,2010-03-11,,,,No,2024-01-23 10:00:00,DSAI User,2024-01-23 10:00:00,DSAI User
C000014,PC008,UPC008,L003,INR,Kilogram,2,2010-03-12,,,,No,2024-01-23 10:00:00,DSAI User,2024-01-23 10:00:00,DSAI User
C000015,PC009,UPC009,L010,USD,Kilogram,1,2010-03-13,,,,No,2024-01-23 10:00:00,DSAI User,2024-01-23 10:00:00,DSAI User
C000016,PC010,UPC010,L003,SDG,Kilogram,1,2010-03-14,,,,No,2024-01-23 10:00:00,DSAI User,2024-01-23 10:00:00,DSAI User
C000017,PC011,UPC011,L007,SDG,Kilogram,3,2010-03-15,PRO0001,,,No,2024-01-23 10:00:00,DSAI User,2024-01-23 10:00:00,DSAI User
C000018,PC012,UPC012,L003,SDG,Nos,1,2010-03-16,,,,No,2024-01-23 10:00:00,DSAI User,2024-01-23 10:00:00,DSAI User
C000019,PC013,UPC013,L002,USD,Nos,2,2010-03-17,,,,No,2024-01-23 10:00:00,DSAI User,2024-01-23 10:00:00,DSAI User
C000020,PC014,UPC014,L009,USD,Nos,5,2010-03-18,,,,No,2024-01-23 10:00:00,DSAI User,2024-01-23 10:00:00,DSAI User
C000001,PC015,UPC015,L001,INR,Nos,3,2010-03-19,,,,No,2024-01-23 10:00:00,DSAI User,2024-01-23 10:00:00,DSAI User
C000002,PC016,UPC016,L001,INR,Kilogram,1,2010-03-20,,,,No,2024-01-23 10:00:00,DSAI User,2024-01-23 10:00:00,DSAI User
C000003,PC017,UPC017,L004,INR,Kilogram,2,2010-03-21,,DC001,,No,2024-01-23 10:00:00,DSAI User,2024-01-23 10:00:00,DSAI User
C000004,PC018,UPC018,L010,INR,Nos,1,2010-03-22,,DC002,,No,2024-01-23 10:00:00,DSAI User,2024-01-23 10:00:00,DSAI User
C000005,PC001,UPC001,L002,INR,Liter,1,2010-03-23,PRO0002,DC003,,No,2024-01-23 10:00:00,DSAI User,2024-01-23 10:00:00,DSAI User
C000006,PC002,UPC002,L008,USD,Liter,3,2010-03-24,,DC004,,No,2024-01-23 10:00:00,DSAI User,2024-01-23 10:00:00,DSAI User
C000007,PC003,UPC003,L010,USD,Nos,1,2010-03-25,,DC005,,No,2024-01-23 10:00:00,DSAI User,2024-01-23 10:00:00,DSAI User
C000008,PC004,UPC004,L005,SDG,Kilogram,2,2010-03-26,,,,No,2024-01-23 10:00:00,DSAI User,2024-01-23 10:00:00,DSAI User
C000009,PC002,UPC002,L008,INR,Liter,5,2010-03-27,,,,No,2024-01-23 10:00:00,DSAI User,2024-01-23 10:00:00,DSAI User
C000010,PC003,UPC003,L003,USD,Nos,3,2010-03-28,,,,No,2024-01-23 10:00:00,DSAI User,2024-01-23 10:00:00,DSAI User
C000011,PC004,UPC004,L009,INR,Kilogram,1,2010-03-29,,,,No,2024-01-23 10:00:00,DSAI User,2024-01-23 10:00:00,DSAI User
C000012,PC005,UPC005,L004,INR,Kilogram,2,2010-03-30,,,,No,2024-01-23 10:00:00,DSAI User,2024-01-23 10:00:00,DSAI User
C000013,PC006,UPC006,L001,USD,Nos,1,2010-03-31,,,LP001,No,2024-01-23 10:00:00,DSAI User,2024-01-23 10:00:00,DSAI User
C000014,PC007,UPC007,L003,INR,Nos,1,2010-04-01,,,LP002,No,2024-01-23 10:00:00,DSAI User,2024-01-23 10:00:00,DSAI User
C000015,PC008,UPC008,L009,SDG,Kilogram,3,2010-04-02,,,LP003,No,2024-01-23 10:00:00,DSAI User,2024-01-23 10:00:00,DSAI User
C000016,PC009,UPC009,L010,USD,Kilogram,1,2010-04-03,PRO0003,,LP004,No,2024-01-23 10:00:00,DSAI User,2024-01-23 10:00:00,DSAI User
C000017,PC010,UPC010,L006,SDG,Kilogram,2,2010-04-04,,,LP005,No,2024-01-23 10:00:00,DSAI User,2024-01-23 10:00:00,DSAI User
C000018,PC011,UPC011,L007,USD,Kilogram,5,2010-04-05,,,LP006,No,2024-01-23 10:00:00,DSAI User,2024-01-23 10:00:00,DSAI User
C000019,PC012,UPC012,L008,INR,Nos,3,2010-04-06,,,LP007,No,2024-01-23 10:00:00,DSAI User,2024-01-23 10:00:00,DSAI User
C000020,PC013,UPC013,L005,USD,Nos,1,2010-04-07,,,LP008,No,2024-01-23 10:00:00,DSAI User,2024-01-23 10:00:00,DSAI User
C000001,PC014,UPC014,L002,SDG,Nos,2,2010-04-08,,DC001,LP009,No,2024-01-23 10:00:00,DSAI User,2024-01-23 10:00:00,DSAI User
C000002,PC015,UPC015,L010,USD,Nos,1,2010-04-09,,DC002,LP010,No,2024-01-23 10:00:00,DSAI User,2024-01-23 10:00:00,DSAI User
C000003,PC016,UPC016,L001,INR,Kilogram,1,2010-04-10,,DC003,,No,2024-01-23 10:00:00,DSAI User,2024-01-23 10:00:00,DSAI User
C000004,PC017,UPC017,L010,INR,Kilogram,3,2010-04-11,,DC004,,No,2024-01-23 10:00:00,DSAI User,2024-01-23 10:00:00,DSAI User
C000005,PC018,UPC018,L007,INR,Nos,1,2010-04-12,,DC005,,No,2024-01-23 10:00:00,DSAI User,2024-01-23 10:00:00,DSAI User
C000006,PC001,UPC001,L010,USD,Liter,2,2010-04-13,,,,No,2024-01-23 10:00:00,DSAI User,2024-01-23 10:00:00,DSAI User
C000007,PC002,UPC002,L006,INR,Liter,5,2010-04-14,,,,No,2024-01-23 10:00:00,DSAI User,2024-01-23 10:00:00,DSAI User
C000008,PC003,UPC003,L007,INR,Nos,3,2010-04-15,,,,No,2024-01-23 10:00:00,DSAI User,2024-01-23 10:00:00,DSAI User
C000009,PC004,UPC004,L010,SDG,Kilogram,1,2010-04-16,,,,No,2024-01-23 10:00:00,DSAI User,2024-01-23 10:00:00,DSAI User
C000010,PC002,UPC002,L004,USD,Liter,2,2010-04-17,,,,No,2024-01-23 10:00:00,DSAI User,2024-01-23 10:00:00,DSAI User
C000011,PC003,UPC003,L006,SDG,Nos,1,2010-04-18,,,,No,2024-01-23 10:00:00,DSAI User,2024-01-23 10:00:00,DSAI User
C000012,PC004,UPC004,L008,SDG,Kilogram,1,2010-04-19,,,,No,2024-01-23 10:00:00,DSAI User,2024-01-23 10:00:00,DSAI User
C000013,PC005,UPC005,L004,USD,Kilogram,3,2010-04-20,,,,No,2024-01-23 10:00:00,DSAI User,2024-01-23 10:00:00,DSAI User
C000014,PC006,UPC006,L008,SDG,Nos,1,2010-04-21,,,,No,2024-01-23 10:00:00,DSAI User,2024-01-23 10:00:00,DSAI User
C000015,PC007,UPC007,L001,SDG,Nos,2,2010-04-22,,,,No,2024-01-23 10:00:00,DSAI User,2024-01-23 10:00:00,DSAI User
C000016,PC008,UPC008,L009,USD,Kilogram,5,2010-04-23,,,,No,2024-01-23 10:00:00,DSAI User,2024-01-23 10:00:00,DSAI User
C000017,PC009,UPC009,L009,SDG,Kilogram,3,2010-04-24,,,,No,2024-01-23 10:00:00,DSAI User,2024-01-23 10:00:00,DSAI User
C000018,PC010,UPC010,L004,SDG,Kilogram,1,2010-04-25,,,,No,2024-01-23 10:00:00,DSAI User,2024-01-23 10:00:00,DSAI User
C000019,PC011,UPC011,L001,INR,Kilogram,2,2010-04-26,,,,No,2024-01-23 10:00:00,DSAI User,2024-01-23 10:00:00,DSAI User
C000020,PC012,UPC012,L007,INR,Nos,1,2010-04-27,PRO0001,,,No,2024-01-23 10:00:00,DSAI User,2024-01-23 10:00:00,DSAI User
C000001,PC013,UPC013,L004,USD,Nos,1,2010-04-28,,,,No,2024-01-23 10:00:00,DSAI User,2024-01-23 10:00:00,DSAI User
C000002,PC014,UPC014,L008,USD,Nos,3,2010-04-29,,,,No,2024-01-23 10:00:00,DSAI User,2024-01-23 10:00:00,DSAI User
C000003,PC015,UPC015,L005,USD,Nos,1,2010-04-30,,,,No,2024-01-23 10:00:00,DSAI User,2024-01-23 10:00:00,DSAI User
C000004,PC016,UPC016,L001,SDG,Kilogram,2,2010-05-01,,,,No,2024-01-23 10:00:00,DSAI User,2024-01-23 10:00:00,DSAI User
C000005,PC017,UPC017,L008,USD,Kilogram,5,2010-05-02,,,,No,2024-01-23 10:00:00,DSAI User,2024-01-23 10:00:00,DSAI User
C000006,PC018,UPC018,L009,USD,Nos,3,2010-05-03,,,,No,2024-01-23 10:00:00,DSAI User,2024-01-23 10:00:00,DSAI User
C000007,PC001,UPC001,L006,SDG,Liter,1,2010-05-04,,,LP001,No,2024-01-23 10:00:00,DSAI User,2024-01-23 10:00:00,DSAI User
C000008,PC002,UPC002,L010,SDG,Liter,2,2010-05-05,PRO0002,,LP002,No,2024-01-23 10:00:00,DSAI User,2024-01-23 10:00:00,DSAI User
C000009,PC003,UPC003,L010,USD,Nos,1,2010-05-06,,,LP003,No,2024-01-23 10:00:00,DSAI User,2024-01-23 10:00:00,DSAI User
C000010,PC004,UPC004,L007,USD,Kilogram,1,2010-05-07,,,LP004,No,2024-01-23 10:00:00,DSAI User,2024-01-23 10:00:00,DSAI User
C000011,PC002,UPC002,L008,USD,Liter,3,2010-05-08,,DC001,LP005,No,2024-01-23 10:00:00,DSAI User,2024-01-23 10:00:00,DSAI User
C000012,PC003,UPC003,L006,SDG,Nos,1,2010-05-09,,DC002,LP006,No,2024-01-23 10:00:00,DSAI User,2024-01-23 10:00:00,DSAI User
C000013,PC004,UPC004,L001,INR,Kilogram,2,2010-05-10,,DC003,LP007,No,2024-01-23 10:00:00,DSAI User,2024-01-23 10:00:00,DSAI User
C000014,PC005,UPC005,L001,INR,Kilogram,5,2010-05-11,,DC004,LP008,No,2024-01-23 10:00:00,DSAI User,2024-01-23 10:00:00,DSAI User
C000015,PC006,UPC006,L005,USD,Nos,3,2010-05-12,,DC005,LP009,No,2024-01-23 10:00:00,DSAI User,2024-01-23 10:00:00,DSAI User
C000016,PC007,UPC007,L008,USD,Nos,1,2010-05-13,,,LP010,No,2024-01-23 10:00:00,DSAI User,2024-01-23 10:00:00,DSAI User
C000017,PC008,UPC008,L003,USD,Kilogram,2,2010-05-14,,,,No,2024-01-23 10:00:00,DSAI User,2024-01-23 10:00:00,DSAI User
C000018,PC009,UPC009,L005,INR,Kilogram,1,2010-05-15,,,,No,2024-01-23 10:00:00,DSAI User,2024-01-23 10:00:00,DSAI User
C000019,PC010,UPC010,L006,INR,Kilogram,1,2010-05-16,PRO0003,,,No,2024-01-23 10:00:00,DSAI User,2024-01-23 10:00:00,DSAI User
C000020,PC011,UPC011,L007,SDG,Kilogram,3,2010-05-17,,,,No,2024-01-23 10:00:00,DSAI User,2024-01-23 10:00:00,DSAI User
C000001,PC012,UPC012,L007,SDG,Nos,1,2010-05-18,,,,No,2024-01-23 10:00:00,DSAI User,2024-01-23 10:00:00,DSAI User
C000002,PC013,UPC013,L007,USD,Nos,2,2010-05-19,,,,No,2024-01-23 10:00:00,DSAI User,2024-01-23 10:00:00,DSAI User
C000003,PC014,UPC014,L004,SDG,Nos,5,2010-05-20,,,,No,2024-01-23 10:00:00,DSAI User,2024-01-23 10:00:00,DSAI User
C000004,PC015,UPC015,L005,USD,Nos,3,2010-05-21,,,,No,2024-01-23 10:00:00,DSAI User,2024-01-23 10:00:00,DSAI User
C000005,PC016,UPC016,L001,USD,Kilogram,1,2010-05-22,,,,No,2024-01-23 10:00:00,DSAI User,2024-01-23 10:00:00,DSAI User
C000006,PC017,UPC017,L005,SDG,Kilogram,2,2010-05-23,,,,No,2024-01-23 10:00:00,DSAI User,2024-01-23 10:00:00,DSAI User
C000007,PC018,UPC018,L008,SDG,Nos,1,2010-05-24,,,,No,2024-01-23 10:00:00,DSAI User,2024-01-23 10:00:00,DSAI User
C000008,PC001,UPC001,L006,USD,Liter,1,2010-05-25,,,,No,2024-01-23 10:00:00,DSAI User,2024-01-23 10:00:00,DSAI User
C000009,PC002,UPC002,L009,USD,Liter,3,2010-05-26,,,,No,2024-01-23 10:00:00,DSAI User,2024-01-23 10:00:00,DSAI User
C000010,PC003,UPC003,L006,INR,Nos,1,2010-05-27,,DC001,,No,2024-01-23 10:00:00,DSAI User,2024-01-23 10:00:00,DSAI User
C000011,PC004,UPC004,L004,SDG,Kilogram,2,2010-05-28,,DC002,,No,2024-01-23 10:00:00,DSAI User,2024-01-23 10:00:00,DSAI User
C000012,PC002,UPC002,L006,INR,Liter,5,2010-05-29,,DC003,,No,2024-01-23 10:00:00,DSAI User,2024-01-23 10:00:00,DSAI User
C000013,PC003,UPC003,L002,USD,Nos,3,2010-05-30,,DC004,,No,2024-01-23 10:00:00,DSAI User,2024-01-23 10:00:00,DSAI User
C000014,PC004,UPC004,L009,USD,Kilogram,1,2010-05-31,,DC005,,No,2024-01-23 10:00:00,DSAI User,2024-01-23 10:00:00,DSAI User
C000015,PC005,UPC005,L009,USD,Kilogram,2,2010-06-01,,,,No,2024-01-23 10:00:00,DSAI User,2024-01-23 10:00:00,DSAI User
C000016,PC006,UPC006,L001,INR,Nos,1,2010-06-02,,,LP001,No,2024-01-23 10:00:00,DSAI User,2024-01-23 10:00:00,DSAI User
C000017,PC007,UPC007,L001,USD,Nos,1,2010-06-03,,,LP002,No,2024-01-23 10:00:00,DSAI User,2024-01-23 10:00:00,DSAI User
C000018,PC008,UPC008,L007,USD,Kilogram,3,2010-06-04,PRO0001,,LP003,No,2024-01-23 10:00:00,DSAI User,2024-01-23 10:00:00,DSAI User
C000019,PC009,UPC009,L002,SDG,Kilogram,1,2010-06-05,,,LP004,No,2024-01-23 10:00:00,DSAI User,2024-01-23 10:00:00,DSAI User
C000020,PC010,UPC010,L001,USD,Kilogram,2,2010-06-06,,,LP005,No,2024-01-23 10:00:00,DSAI User,2024-01-23 10:00:00,DSAI User
C000001,PC011,UPC011,L007,SDG,Kilogram,5,2010-06-07,,,LP006,No,2024-01-23 10:00:00,DSAI User,2024-01-23 10:00:00,DSAI User
C000002,PC012,UPC012,L005,USD,Nos,3,2010-06-08,,,LP007,No,2024-01-23 10:00:00,DSAI User,2024-01-23 10:00:00,DSAI User
C000003,PC013,UPC013,L009,INR,Nos,1,2010-06-09,,,LP008,No,2024-01-23 10:00:00,DSAI User,2024-01-23 10:00:00,DSAI User
C000004,PC014,UPC014,L010,INR,Nos,2,2010-06-10,,,LP009,No,2024-01-23 10:00:00,DSAI User,2024-01-23 10:00:00,DSAI User
C000005,PC015,UPC015,L007,INR,Nos,1,2010-06-11,,,LP010,No,2024-01-23 10:00:00,DSAI User,2024-01-23 10:00:00,DSAI User
C000006,PC016,UPC016,L001,SDG,Kilogram,1,2010-06-12,PRO0002,,,No,2024-01-23 10:00:00,DSAI User,2024-01-23 10:00:00,DSAI User
C000007,PC017,UPC017,L001,SDG,Kilogram,3,2010-06-13,,,,No,2024-01-23 10:00:00,DSAI User,2024-01-23 10:00:00,DSAI User
C000008,PC018,UPC018,L005,USD,Nos,1,2010-06-14,,,,No,2024-01-23 10:00:00,DSAI User,2024-01-23 10:00:00,DSAI User
C000009,PC001,UPC001,L004,SDG,Liter,2,2010-06-15,,,,No,2024-01-23 10:00:00,DSAI User,2024-01-23 10:00:00,DSAI User
C000010,PC002,UPC002,L003,INR,Liter,5,2010-06-16,,DC001,,No,2024-01-23 10:00:00,DSAI User,2024-01-23 10:00:00,DSAI User
C000011,PC003,UPC003,L006,USD,Nos,3,2010-06-17,,DC002,,No,2024-01-23 10:00:00,DSAI User,2024-01-23 10:00:00,DSAI User
C000012,PC004,UPC004,L009,INR,Kilogram,1,2010-06-18,,DC003,,No,2024-01-23 10:00:00,DSAI User,2024-01-23 10:00:00,DSAI User
C000013,PC002,UPC002,L009,INR,Liter,2,2010-06-19,,DC004,,No,2024-01-23 10:00:00,DSAI User,2024-01-23 10:00:00,DSAI User
C000014,PC003,UPC003,L004,USD,Nos,1,2010-06-20,,DC005,,No,2024-01-23 10:00:00,DSAI User,2024-01-23 10:00:00,DSAI User
C000015,PC004,UPC004,L004,USD,Kilogram,1,2010-06-21,,,,No,2024-01-23 10:00:00,DSAI User,2024-01-23 10:00:00,DSAI User
C000016,PC005,UPC005,L004,USD,Kilogram,3,2010-06-22,,,,No,2024-01-23 10:00:00,DSAI User,2024-01-23 10:00:00,DSAI User
C000017,PC006,UPC006,L003,INR,Nos,1,2010-06-23,PRO0003,,,No,2024-01-23 10:00:00,DSAI User,2024-01-23 10:00:00,DSAI User
C000018,PC007,UPC007,L001,SDG,Nos,2,2010-06-24,,,,No,2024-01-23 10:00:00,DSAI User,2024-01-23 10:00:00,DSAI User
C000019,PC008,UPC008,L007,USD,Kilogram,5,2010-06-25,,,,No,2024-01-23 10:00:00,DSAI User,2024-01-23 10:00:00,DSAI User
C000020,PC009,UPC009,L009,INR,Kilogram,3,2010-06-26,,,,No,2024-01-23 10:00:00,DSAI User,2024-01-23 10:00:00,DSAI User
C000001,PC010,UPC010,L006,USD,Kilogram,1,2010-06-27,,,,No,2024-01-23 10:00:00,DSAI User,2024-01-23 10:00:00,DSAI User
C000002,PC011,UPC011,L002,SDG,Kilogram,2,2010-06-28,,,,No,2024-01-23 10:00:00,DSAI User,2024-01-23 10:00:00,DSAI User
C000003,PC012,UPC012,L002,USD,Nos,1,2010-06-29,,,LP001,No,2024-01-23 10:00:00,DSAI User,2024-01-23 10:00:00,DSAI User
C000004,PC013,UPC013,L006,SDG,Nos,1,2010-06-30,,,LP002,No,2024-01-23 10:00:00,DSAI User,2024-01-23 10:00:00,DSAI User
C000005,PC014,UPC014,L002,SDG,Nos,3,2010-07-01,,,LP003,No,2024-01-23 10:00:00,DSAI User,2024-01-23 10:00:00,DSAI User
C000006,PC015,UPC015,L010,USD,Nos,1,2010-07-02,,,LP004,No,2024-01-23 10:00:00,DSAI User,2024-01-23 10:00:00,DSAI User
C000007,PC016,UPC016,L001,SDG,Kilogram,2,2010-07-03,,,LP005,No,2024-01-23 10:00:00,DSAI User,2024-01-23 10:00:00,DSAI User
C000008,PC017,UPC017,L004,USD,Kilogram,5,2010-07-04,,,LP006,No,2024-01-23 10:00:00,DSAI User,2024-01-23 10:00:00,DSAI User
C000009,PC018,UPC018,L010,SDG,Nos,3,2010-07-05,,,LP007,No,2024-01-23 10:00:00,DSAI User,2024-01-23 10:00:00,DSAI User
C000010,PC001,UPC001,L001,INR,Liter,1,2010-07-06,,,LP008,No,2024-01-23 10:00:00,DSAI User,2024-01-23 10:00:00,DSAI User
C000011,PC002,UPC002,L006,SDG,Liter,2,2010-07-07,,,LP009,No,2024-01-23 10:00:00,DSAI User,2024-01-23 10:00:00,DSAI User
C000012,PC003,UPC003,L010,SDG,Nos,1,2010-07-08,,,LP010,No,2024-01-23 10:00:00,DSAI User,2024-01-23 10:00:00,DSAI User
C000013,PC004,UPC004,L002,USD,Kilogram,1,2010-07-09,,,,No,2024-01-23 10:00:00,DSAI User,2024-01-23 10:00:00,DSAI User
C000014,PC002,UPC002,L009,SDG,Liter,3,2010-07-10,,,,No,2024-01-23 10:00:00,DSAI User,2024-01-23 10:00:00,DSAI User
C000015,PC003,UPC003,L004,SDG,Nos,1,2010-07-11,,,,No,2024-01-23 10:00:00,DSAI User,2024-01-23 10:00:00,DSAI User
C000016,PC004,UPC004,L002,USD,Kilogram,2,2010-07-12,,,,No,2024-01-23 10:00:00,DSAI User,2024-01-23 10:00:00,DSAI User
C000017,PC005,UPC005,L008,USD,Kilogram,5,2010-07-13,,DC001,,No,2024-01-23 10:00:00,DSAI User,2024-01-23 10:00:00,DSAI User
C000018,PC006,UPC006,L007,INR,Nos,3,2010-07-14,,DC002,,No,2024-01-23 10:00:00,DSAI User,2024-01-23 10:00:00,DSAI User
C000019,PC007,UPC007,L003,USD,Nos,1,2010-07-15,PRO0001,DC003,,No,2024-01-23 10:00:00,DSAI User,2024-01-23 10:00:00,DSAI User
C000020,PC008,UPC008,L005,SDG,Kilogram,2,2010-07-16,,DC004,,No,2024-01-23 10:00:00,DSAI User,2024-01-23 10:00:00,DSAI User
C000001,PC009,UPC009,L001,SDG,Kilogram,1,2010-07-17,,DC005,,No,2024-01-23 10:00:00,DSAI User,2024-01-23 10:00:00,DSAI User
C000002,PC010,UPC010,L001,SDG,Kilogram,1,2010-07-18,,,,No,2024-01-23 10:00:00,DSAI User,2024-01-23 10:00:00,DSAI User
C000003,PC011,UPC011,L010,USD,Kilogram,3,2010-07-19,,,,No,2024-01-23 10:00:00,DSAI User,2024-01-23 10:00:00,DSAI User
C000004,PC012,UPC012,L002,USD,Nos,1,2010-07-20,,,,No,2024-01-23 10:00:00,DSAI User,2024-01-23 10:00:00,DSAI User
C000005,PC013,UPC013,L002,INR,Nos,2,2010-07-21,,,,No,2024-01-23 10:00:00,DSAI User,2024-01-23 10:00:00,DSAI User
C000006,PC014,UPC014,L005,SDG,Nos,5,2010-07-22,,,,No,2024-01-23 10:00:00,DSAI User,2024-01-23 10:00:00,DSAI User
C000007,PC015,UPC015,L001,USD,Nos,3,2010-07-23,PRO0002,,,No,2024-01-23 10:00:00,DSAI User,2024-01-23 10:00:00,DSAI User
C000008,PC016,UPC016,L009,USD,Kilogram,1,2010-07-24,,,,No,2024-01-23 10:00:00,DSAI User,2024-01-23 10:00:00,DSAI User
C000009,PC017,UPC017,L010,INR,Kilogram,2,2010-07-25,,,,No,2024-01-23 10:00:00,DSAI User,2024-01-23 10:00:00,DSAI User
C000010,PC018,UPC018,L001,USD,Nos,1,2010-07-26,,,,No,2024-01-23 10:00:00,DSAI User,2024-01-23 10:00:00,DSAI User
C000011,PC001,UPC001,L003,SDG,Liter,1,2010-07-27,,,,No,2024-01-23 10:00:00,DSAI User,2024-01-23 10:00:00,DSAI User
C000012,PC002,UPC002,L005,USD,Liter,3,2010-07-28,,,LP001,No,2024-01-23 10:00:00,DSAI User,2024-01-23 10:00:00,DSAI User
C000013,PC003,UPC003,L002,USD,Nos,1,2010-07-29,,,LP002,No,2024-01-23 10:00:00,DSAI User,2024-01-23 10:00:00,DSAI User
C000014,PC004,UPC004,L002,INR,Kilogram,2,2010-07-30,,,LP003,No,2024-01-23 10:00:00,DSAI User,2024-01-23 10:00:00,DSAI User
C000015,PC002,UPC002,L007,SDG,Liter,5,2010-07-31,,,LP004,No,2024-01-23 10:00:00,DSAI User,2024-01-23 10:00:00,DSAI User
C000016,PC003,UPC003,L010,INR,Nos,3,2010-08-01,,,LP005,No,2024-01-23 10:00:00,DSAI User,2024-01-23 10:00:00,DSAI User
C000017,PC004,UPC004,L007,INR,Kilogram,1,2010-08-02,,,LP006,No,2024-01-23 10:00:00,DSAI User,2024-01-23 10:00:00,DSAI User
C000018,PC005,UPC005,L003,USD,Kilogram,2,2010-08-03,PRO0003,,LP007,No,2024-01-23 10:00:00,DSAI User,2024-01-23 10:00:00,DSAI User
C000019,PC006,UPC006,L006,SDG,Nos,1,2010-08-04,,,LP008,No,2024-01-23 10:00:00,DSAI User,2024-01-23 10:00:00,DSAI User
C000020,PC007,UPC007,L002,USD,Nos,1,2010-08-05,,,LP009,No,2024-01-23 10:00:00,DSAI User,2024-01-23 10:00:00,DSAI User
C000001,PC008,UPC008,L006,USD,Kilogram,3,2010-08-06,,,LP010,No,2024-01-23 10:00:00,DSAI User,2024-01-23 10:00:00,DSAI User
C000002,PC009,UPC009,L006,SDG,Kilogram,1,2010-08-07,,,,No,2024-01-23 10:00:00,DSAI User,2024-01-23 10:00:00,DSAI User
C000003,PC010,UPC010,L009,SDG,Kilogram,2,2010-08-08,,,,No,2024-01-23 10:00:00,DSAI User,2024-01-23 10:00:00,DSAI User
C000004,PC011,UPC011,L008,USD,Kilogram,5,2010-08-09,,,,No,2024-01-23 10:00:00,DSAI User,2024-01-23 10:00:00,DSAI User
C000005,PC012,UPC012,L007,INR,Nos,3,2010-08-10,,DC001,,No,2024-01-23 10:00:00,DSAI User,2024-01-23 10:00:00,DSAI User
C000006,PC013,UPC013,L007,USD,Nos,1,2010-08-11,,DC002,,No,2024-01-23 10:00:00,DSAI User,2024-01-23 10:00:00,DSAI User
C000007,PC014,UPC014,L002,SDG,Nos,2,2010-08-12,,DC003,,No,2024-01-23 10:00:00,DSAI User,2024-01-23 10:00:00,DSAI User
C000008,PC015,UPC015,L004,SDG,Nos,1,2010-08-13,,DC004,,No,2024-01-23 10:00:00,DSAI User,2024-01-23 10:00:00,DSAI User
C000009,PC016,UPC016,L003,USD,Kilogram,1,2010-08-14,,DC005,,No,2024-01-23 10:00:00,DSAI User,2024-01-23 10:00:00,DSAI User
C000010,PC017,UPC017,L007,INR,Kilogram,3,2010-08-15,PRO0001,,,No,2024-01-23 10:00:00,DSAI User,2024-01-23 10:00:00,DSAI User
C000011,PC018,UPC018,L006,INR,Nos,1,2010-08-16,,,,No,2024-01-23 10:00:00,DSAI User,2024-01-23 10:00:00,DSAI User
C000012,PC001,UPC001,L002,USD,Liter,2,2010-08-17,,,,No,2024-01-23 10:00:00,DSAI User,2024-01-23 10:00:00,DSAI User
C000013,PC002,UPC002,L002,SDG,Liter,5,2010-08-18,,,,No,2024-01-23 10:00:00,DSAI User,2024-01-23 10:00:00,DSAI User
C000014,PC003,UPC003,L008,INR,Nos,3,2010-08-19,,,,No,2024-01-23 10:00:00,DSAI User,2024-01-23 10:00:00,DSAI User
C000015,PC004,UPC004,L006,INR,Kilogram,1,2010-08-20,,,,No,2024-01-23 10:00:00,DSAI User,2024-01-23 10:00:00,DSAI User
C000016,PC002,UPC002,L002,SDG,Liter,2,2010-08-21,,,,No,2024-01-23 10:00:00,DSAI User,2024-01-23 10:00:00,DSAI User
C000017,PC003,UPC003,L004,USD,Nos,1,2010-08-22,,,,No,2024-01-23 10:00:00,DSAI User,2024-01-23 10:00:00,DSAI User
C000018,PC004,UPC004,L001,USD,Kilogram,1,2010-08-23,PRO0002,,,No,2024-01-23 10:00:00,DSAI User,2024-01-23 10:00:00,DSAI User
C000019,PC005,UPC005,L002,INR,Kilogram,3,2010-08-24,,,,No,2024-01-23 10:00:00,DSAI User,2024-01-23 10:00:00,DSAI User
C000020,PC006,UPC006,L005,USD,Nos,1,2010-08-25,,,,No,2024-01-23 10:00:00,DSAI User,2024-01-23 10:00:00,DSAI User
C000001,PC007,UPC007,L002,SDG,Nos,2,2010-08-26,,,LP001,No,2024-01-23 10:00:00,DSAI User,2024-01-23 10:00:00,DSAI User
C000002,PC008,UPC008,L003,SDG,Kilogram,5,2010-08-27,,,LP002,No,2024-01-23 10:00:00,DSAI User,2024-01-23 10:00:00,DSAI User
C000003,PC009,UPC009,L006,USD,Kilogram,3,2010-08-28,,,LP003,No,2024-01-23 10:00:00,DSAI User,2024-01-23 10:00:00,DSAI User
C000004,PC010,UPC010,L003,SDG,Kilogram,1,2010-08-29,,,LP004,No,2024-01-23 10:00:00,DSAI User,2024-01-23 10:00:00,DSAI User
C000005,PC011,UPC011,L004,SDG,Kilogram,2,2010-08-30,,DC001,LP005,No,2024-01-23 10:00:00,DSAI User,2024-01-23 10:00:00,DSAI User
C000006,PC012,UPC012,L010,INR,Nos,1,2010-08-31,,DC002,LP006,No,2024-01-23 10:00:00,DSAI User,2024-01-23 10:00:00,DSAI User
C000007,PC013,UPC013,L004,USD,Nos,1,2010-09-01,,DC003,LP007,No,2024-01-23 10:00:00,DSAI User,2024-01-23 10:00:00,DSAI User
C000008,PC014,UPC014,L003,SDG,Nos,3,2010-09-02,,DC004,LP008,No,2024-01-23 10:00:00,DSAI User,2024-01-23 10:00:00,DSAI User
C000009,PC015,UPC015,L003,USD,Nos,1,2010-09-03,PRO0003,DC005,LP009,No,2024-01-23 10:00:00,DSAI User,2024-01-23 10:00:00,DSAI User
C000010,PC016,UPC016,L006,SDG,Kilogram,2,2010-09-04,,,LP010,No,2024-01-23 10:00:00,DSAI User,2024-01-23 10:00:00,DSAI User
C000011,PC017,UPC017,L003,INR,Kilogram,5,2010-09-05,,,,No,2024-01-23 10:00:00,DSAI User,2024-01-23 10:00:00,DSAI User
C000012,PC018,UPC018,L006,INR,Nos,3,2010-09-06,,,,No,2024-01-23 10:00:00,DSAI User,2024-01-23 10:00:00,DSAI User
C000013,PC001,UPC001,L002,INR,Liter,1,2010-09-07,,,,No,2024-01-23 10:00:00,DSAI User,2024-01-23 10:00:00,DSAI User
C000014,PC002,UPC002,L010,SDG,Liter,2,2010-09-08,,,,No,2024-01-23 10:00:00,DSAI User,2024-01-23 10:00:00,DSAI User
C000015,PC003,UPC003,L010,SDG,Nos,1,2010-09-09,,,,No,2024-01-23 10:00:00,DSAI User,2024-01-23 10:00:00,DSAI User
C000016,PC004,UPC004,L004,INR,Kilogram,1,2010-09-10,,,,No,2024-01-23 10:00:00,DSAI User,2024-01-23 10:00:00,DSAI User
C000017,PC002,UPC002,L010,SDG,Liter,3,2010-09-11,,,,No,2024-01-23 10:00:00,DSAI User,2024-01-23 10:00:00,DSAI User
C000018,PC003,UPC003,L008,USD,Nos,1,2010-09-12,,,,No,2024-01-23 10:00:00,DSAI User,2024-01-23 10:00:00,DSAI User
C000019,PC004,UPC004,L005,INR,Kilogram,2,2010-09-13,,,,No,2024-01-23 10:00:00,DSAI User,2024-01-23 10:00:00,DSAI User
C000020,PC005,UPC005,L010,INR,Kilogram,5,2010-09-14,,,,No,2024-01-23 10:00:00,DSAI User,2024-01-23 10:00:00,DSAI User
C000001,PC006,UPC006,L002,SDG,Nos,3,2010-09-15,,,,No,2024-01-23 10:00:00,DSAI User,2024-01-23 10:00:00,DSAI User
C000002,PC007,UPC007,L002,INR,Nos,1,2010-09-16,,,,No,2024-01-23 10:00:00,DSAI User,2024-01-23 10:00:00,DSAI User
C000003,PC008,UPC008,L009,USD,Kilogram,2,2010-09-17,,,,No,2024-01-23 10:00:00,DSAI User,2024-01-23 10:00:00,DSAI User
C000004,PC009,UPC009,L007,USD,Kilogram,1,2010-09-18,,,,No,2024-01-23 10:00:00,DSAI User,2024-01-23 10:00:00,DSAI User
C000005,PC010,UPC010,L006,USD,Kilogram,1,2010-09-19,,,,No,2024-01-23 10:00:00,DSAI User,2024-01-23 10:00:00,DSAI User
C000006,PC011,UPC011,L010,INR,Kilogram,3,2010-09-20,,,,No,2024-01-23 10:00:00,DSAI User,2024-01-23 10:00:00,DSAI User
C000007,PC012,UPC012,L008,SDG,Nos,1,2010-09-21,,,,No,2024-01-23 10:00:00,DSAI User,2024-01-23 10:00:00,DSAI User
C000008,PC013,UPC013,L002,USD,Nos,2,2010-09-22,,,,No,2024-01-23 10:00:00,DSAI User,2024-01-23 10:00:00,DSAI User
C000009,PC014,UPC014,L005,INR,Nos,5,2010-09-23,,,,No,2024-01-23 10:00:00,DSAI User,2024-01-23 10:00:00,DSAI User
C000010,PC015,UPC015,L007,INR,Nos,3,2010-09-23,,,,No,2024-01-23 10:00:00,DSAI User,2024-01-23 10:00:00,DSAI User
C000011,PC016,UPC016,L007,INR,Kilogram,1,2010-09-23,,,,No,2024-01-23 10:00:00,DSAI User,2024-01-23 10:00:00,DSAI User
C000012,PC017,UPC017,L007,USD,Kilogram,2,2010-09-23,,DC001,,No,2024-01-23 10:00:00,DSAI User,2024-01-23 10:00:00,DSAI User
C000013,PC018,UPC018,L006,INR,Nos,1,2010-09-23,,DC002,,No,2024-01-23 10:00:00,DSAI User,2024-01-23 10:00:00,DSAI User
C000014,PC001,UPC001,L002,SDG,Liter,1,2010-09-23,PRO0001,DC003,,No,2024-01-23 10:00:00,DSAI User,2024-01-23 10:00:00,DSAI User
C000015,PC002,UPC002,L005,USD,Liter,3,2010-09-23,,DC004,,No,2024-01-23 10:00:00,DSAI User,2024-01-23 10:00:00,DSAI User
C000016,PC003,UPC003,L007,SDG,Nos,1,2010-09-23,,DC005,,No,2024-01-23 10:00:00,DSAI User,2024-01-23 10:00:00,DSAI User
C000017,PC004,UPC004,L010,INR,Kilogram,2,2010-09-23,,,,No,2024-01-23 10:00:00,DSAI User,2024-01-23 10:00:00,DSAI User
C000018,PC002,UPC002,L006,INR,Liter,5,2010-09-23,,,,No,2024-01-23 10:00:00,DSAI User,2024-01-23 10:00:00,DSAI User
C000019,PC003,UPC003,L003,INR,Nos,3,2010-09-23,,,,No,2024-01-23 10:00:00,DSAI User,2024-01-23 10:00:00,DSAI User
C000020,PC004,UPC004,L006,SDG,Kilogram,1,2010-09-23,,,,No,2024-01-23 10:00:00,DSAI User,2024-01-23 10:00:00,DSAI User
C000001,PC005,UPC005,L008,INR,Kilogram,2,2010-09-23,,,LP001,No,2024-01-23 10:00:00,DSAI User,2024-01-23 10:00:00,DSAI User
C000002,PC006,UPC006,L004,USD,Nos,1,2010-09-23,PRO0002,,LP002,No,2024-01-23 10:00:00,DSAI User,2024-01-23 10:00:00,DSAI User
C000003,PC007,UPC007,L008,SDG,Nos,1,2010-09-23,,,LP003,No,2024-01-23 10:00:00,DSAI User,2024-01-23 10:00:00,DSAI User
C000004,PC008,UPC008,L007,USD,Kilogram,3,2010-09-23,,,LP004,No,2024-01-23 10:00:00,DSAI User,2024-01-23 10:00:00,DSAI User
C000005,PC009,UPC009,L005,USD,Kilogram,1,2010-09-24,,,LP005,No,2024-01-23 10:00:00,DSAI User,2024-01-23 10:00:00,DSAI User
C000006,PC010,UPC010,L007,SDG,Kilogram,2,2010-09-24,,,LP006,No,2024-01-23 10:00:00,DSAI User,2024-01-23 10:00:00,DSAI User
C000007,PC011,UPC011,L003,USD,Kilogram,5,2010-09-24,,,LP007,No,2024-01-23 10:00:00,DSAI User,2024-01-23 10:00:00,DSAI User
C000008,PC012,UPC012,L003,SDG,Nos,3,2010-09-25,,,LP008,No,2024-01-23 10:00:00,DSAI User,2024-01-23 10:00:00,DSAI User
C000009,PC013,UPC013,L010,USD,Nos,1,2010-09-26,,,LP009,No,2024-01-23 10:00:00,DSAI User,2024-01-23 10:00:00,DSAI User
C000010,PC014,UPC014,L001,SDG,Nos,2,2010-09-27,,,LP010,No,2024-01-23 10:00:00,DSAI User,2024-01-23 10:00:00,DSAI User
C000011,PC015,UPC015,L006,USD,Nos,1,2010-09-28,,,,No,2024-01-23 10:00:00,DSAI User,2024-01-23 10:00:00,DSAI User
C000012,PC016,UPC016,L007,INR,Kilogram,1,2010-09-29,,,,No,2024-01-23 10:00:00,DSAI User,2024-01-23 10:00:00,DSAI User
C000013,PC017,UPC017,L001,INR,Kilogram,3,2010-09-30,PRO0003,,,No,2024-01-23 10:00:00,DSAI User,2024-01-23 10:00:00,DSAI User
C000014,PC018,UPC018,L007,USD,Nos,1,2010-10-01,,,,No,2024-01-23 10:00:00,DSAI User,2024-01-23 10:00:00,DSAI User
C000015,PC001,UPC001,L008,INR,Liter,2,2010-10-02,,,,No,2024-01-23 10:00:00,DSAI User,2024-01-23 10:00:00,DSAI User
C000016,PC002,UPC002,L006,INR,Liter,5,2010-10-03,,,,No,2024-01-23 10:00:00,DSAI User,2024-01-23 10:00:00,DSAI User
C000017,PC003,UPC003,L001,SDG,Nos,3,2010-10-04,,,,No,2024-01-23 10:00:00,DSAI User,2024-01-23 10:00:00,DSAI User
C000018,PC004,UPC004,L004,USD,Kilogram,1,2010-10-05,,,,No,2024-01-23 10:00:00,DSAI User,2024-01-23 10:00:00,DSAI User
C000019,PC002,UPC002,L002,INR,Liter,2,2010-10-06,,,,No,2024-01-23 10:00:00,DSAI User,2024-01-23 10:00:00,DSAI User
C000020,PC003,UPC003,L005,SDG,Nos,1,2010-10-07,,,,No,2024-01-23 10:00:00,DSAI User,2024-01-23 10:00:00,DSAI User
C000001,PC004,UPC004,L010,SDG,Kilogram,1,2010-10-08,,,,No,2024-01-23 10:00:00,DSAI User,2024-01-23 10:00:00,DSAI User
C000002,PC005,UPC005,L002,INR,Kilogram,3,2010-10-09,,,,No,2024-01-23 10:00:00,DSAI User,2024-01-23 10:00:00,DSAI User
C000003,PC006,UPC006,L008,USD,Nos,1,2010-10-10,,,,No,2024-01-23 10:00:00,DSAI User,2024-01-23 10:00:00,DSAI User
C000004,PC007,UPC007,L003,INR,Nos,2,2010-10-11,,,,No,2024-01-23 10:00:00,DSAI User,2024-01-23 10:00:00,DSAI User
C000005,PC008,UPC008,L007,USD,Kilogram,5,2010-10-12,,,,No,2024-01-23 10:00:00,DSAI User,2024-01-23 10:00:00,DSAI User
C000006,PC009,UPC009,L008,SDG,Kilogram,3,2010-10-13,,,,No,2024-01-23 10:00:00,DSAI User,2024-01-23 10:00:00,DSAI User
C000007,PC010,UPC010,L001,SDG,Kilogram,1,2010-10-14,,,,No,2024-01-23 10:00:00,DSAI User,2024-01-23 10:00:00,DSAI User
C000008,PC011,UPC011,L007,INR,Kilogram,1,2010-10-15,,,,No,2024-01-23 10:00:00,DSAI User,2024-01-23 10:00:00,DSAI User
C000009,PC012,UPC012,L004,USD,Nos,3,2010-10-16,,,,No,2024-01-23 10:00:00,DSAI User,2024-01-23 10:00:00,DSAI User
C000010,PC013,UPC013,L003,INR,Nos,1,2010-10-17,,,,No,2024-01-23 10:00:00,DSAI User,2024-01-23 10:00:00,DSAI User
C000011,PC014,UPC014,L001,SDG,Nos,2,2010-10-18,,,,No,2024-01-23 10:00:00,DSAI User,2024-01-23 10:00:00,DSAI User
C000012,PC015,UPC015,L002,USD,Nos,5,2010-10-19,,,,No,2024-01-23 10:00:00,DSAI User,2024-01-23 10:00:00,DSAI User
C000013,PC016,UPC016,L002,SDG,Kilogram,3,2010-10-15,,,LP001,No,2024-01-23 10:00:00,DSAI User,2024-01-23 10:00:00,DSAI User
C000014,PC017,UPC017,L003,INR,Kilogram,1,2010-10-16,,,LP002,No,2024-01-23 10:00:00,DSAI User,2024-01-23 10:00:00,DSAI User
C000015,PC018,UPC018,L007,SDG,Nos,2,2010-10-17,PRO0001,,LP003,No,2024-01-23 10:00:00,DSAI User,2024-01-23 10:00:00,DSAI User
C000016,PC001,UPC001,L001,SDG,Liter,1,2010-10-18,,,LP004,No,2024-01-23 10:00:00,DSAI User,2024-01-23 10:00:00,DSAI User
C000017,PC002,UPC002,L005,USD,Liter,1,2010-10-19,,,LP005,No,2024-01-23 10:00:00,DSAI User,2024-01-23 10:00:00,DSAI User
C000018,PC003,UPC003,L006,USD,Nos,3,2010-10-15,,,LP006,No,2024-01-23 10:00:00,DSAI User,2024-01-23 10:00:00,DSAI User
C000019,PC004,UPC004,L003,USD,Kilogram,1,2010-10-16,,,LP007,No,2024-01-23 10:00:00,DSAI User,2024-01-23 10:00:00,DSAI User
C000020,PC002,UPC002,L007,USD,Liter,2,2010-10-17,,,LP008,No,2024-01-23 10:00:00,DSAI User,2024-01-23 10:00:00,DSAI User
C000001,PC003,UPC003,L006,INR,Nos,5,2010-10-18,,,LP009,No,2024-01-23 10:00:00,DSAI User,2024-01-23 10:00:00,DSAI User
C000002,PC004,UPC004,L010,SDG,Kilogram,3,2010-10-19,,,LP010,No,2024-01-23 10:00:00,DSAI User,2024-01-23 10:00:00,DSAI User
C000003,PC005,UPC005,L007,SDG,Kilogram,1,2010-10-15,PRO0002,,,No,2024-01-23 10:00:00,DSAI User,2024-01-23 10:00:00,DSAI User
C000004,PC006,UPC006,L007,USD,Nos,2,2010-10-16,,,,No,2024-01-23 10:00:00,DSAI User,2024-01-23 10:00:00,DSAI User
C000005,PC007,UPC007,L004,USD,Nos,1,2010-10-17,,,,No,2024-01-23 10:00:00,DSAI User,2024-01-23 10:00:00,DSAI User
C000006,PC008,UPC008,L003,USD,Kilogram,1,2010-10-18,,,,No,2024-01-23 10:00:00,DSAI User,2024-01-23 10:00:00,DSAI User
C000007,PC009,UPC009,L009,INR,Kilogram,3,2010-10-19,,DC001,,No,2024-01-23 10:00:00,DSAI User,2024-01-23 10:00:00,DSAI User
C000008,PC010,UPC010,L004,SDG,Kilogram,1,2010-10-15,,DC002,,No,2024-01-23 10:00:00,DSAI User,2024-01-23 10:00:00,DSAI User
C000009,PC011,UPC011,L002,USD,Kilogram,2,2010-10-16,,DC003,,No,2024-01-23 10:00:00,DSAI User,2024-01-23 10:00:00,DSAI User
C000010,PC012,UPC012,L004,INR,Nos,5,2010-10-17,,DC004,,No,2024-01-23 10:00:00,DSAI User,2024-01-23 10:00:00,DSAI User
C000011,PC013,UPC013,L005,INR,Nos,3,2010-10-18,,DC005,,No,2024-01-23 10:00:00,DSAI User,2024-01-23 10:00:00,DSAI User
C000012,PC014,UPC014,L004,INR,Nos,1,2010-10-19,,,,No,2024-01-23 10:00:00,DSAI User,2024-01-23 10:00:00,DSAI User
C000013,PC015,UPC015,L007,INR,Nos,2,2010-10-15,,,,No,2024-01-23 10:00:00,DSAI User,2024-01-23 10:00:00,DSAI User
C000014,PC016,UPC016,L004,SDG,Kilogram,1,2010-10-16,PRO0003,,,No,2024-01-23 10:00:00,DSAI User,2024-01-23 10:00:00,DSAI User
C000015,PC017,UPC017,L005,USD,Kilogram,1,2010-10-17,,,,No,2024-01-23 10:00:00,DSAI User,2024-01-23 10:00:00,DSAI User
C000016,PC001,UPC001,L001,SDG,Nos,3,2010-10-18,,,,No,2024-01-23 10:00:00,DSAI User,2024-01-23 10:00:00,DSAI User
C000017,PC002,UPC002,L004,USD,Liter,1,2010-10-19,,,,No,2024-01-23 10:00:00,DSAI User,2024-01-23 10:00:00,DSAI User
C000018,PC003,UPC003,L003,SDG,Liter,2,2010-10-15,,,,No,2024-01-23 10:00:00,DSAI User,2024-01-23 10:00:00,DSAI User
C000019,PC004,UPC004,L002,USD,Nos,5,2010-10-16,,,LP001,No,2024-01-23 10:00:00,DSAI User,2024-01-23 10:00:00,DSAI User
C000020,PC002,UPC002,L002,USD,Kilogram,3,2010-10-17,,,LP002,No,2024-01-23 10:00:00,DSAI User,2024-01-23 10:00:00,DSAI User
C000001,PC003,UPC003,L007,USD,Liter,1,2010-10-18,,,LP003,No,2024-01-23 10:00:00,DSAI User,2024-01-23 10:00:00,DSAI User
C000002,PC004,UPC004,L008,INR,Nos,2,2010-10-19,,,LP004,No,2024-01-23 10:00:00,DSAI User,2024-01-23 10:00:00,DSAI User
C000003,PC005,UPC005,L001,USD,Kilogram,1,2010-10-20,,,LP005,No,2024-01-23 10:00:00,DSAI User,2024-01-23 10:00:00,DSAI User
C000004,PC006,UPC006,L009,USD,Kilogram,1,2010-10-21,,,LP006,No,2024-01-23 10:00:00,DSAI User,2024-01-23 10:00:00,DSAI User
C000005,PC007,UPC007,L008,SDG,Nos,3,2010-10-22,,,LP007,No,2024-01-23 10:00:00,DSAI User,2024-01-23 10:00:00,DSAI User
C000006,PC008,UPC008,L010,INR,Nos,1,2010-10-23,,,LP008,No,2024-01-23 10:00:00,DSAI User,2024-01-23 10:00:00,DSAI User
C000007,PC009,UPC009,L010,SDG,Kilogram,2,2010-10-24,,,LP009,No,2024-01-23 10:00:00,DSAI User,2024-01-23 10:00:00,DSAI User
C000008,PC010,UPC010,L009,SDG,Kilogram,5,2010-10-25,,,LP010,No,2024-01-23 10:00:00,DSAI User,2024-01-23 10:00:00,DSAI User
C000009,PC011,UPC011,L006,INR,Kilogram,3,2010-10-26,,,,No,2024-01-23 10:00:00,DSAI User,2024-01-23 10:00:00,DSAI User
C000010,PC012,UPC012,L009,USD,Kilogram,1,2010-10-27,,,,No,2024-01-23 10:00:00,DSAI User,2024-01-23 10:00:00,DSAI User
C000011,PC013,UPC013,L008,SDG,Nos,2,2010-10-28,,,,No,2024-01-23 10:00:00,DSAI User,2024-01-23 10:00:00,DSAI User
C000012,PC014,UPC014,L005,INR,Nos,1,2010-10-29,PRO0001,,,No,2024-01-23 10:00:00,DSAI User,2024-01-23 10:00:00,DSAI User
C000013,PC015,UPC015,L005,USD,Nos,1,2010-10-30,,,,No,2024-01-23 10:00:00,DSAI User,2024-01-23 10:00:00,DSAI User
C000014,PC016,UPC016,L008,USD,Nos,3,2010-10-31,,,,No,2024-01-23 10:00:00,DSAI User,2024-01-23 10:00:00,DSAI User
C000015,PC017,UPC017,L002,USD,Kilogram,1,2010-11-01,,,,No,2024-01-23 10:00:00,DSAI User,2024-01-23 10:00:00,DSAI User
C000016,PC018,UPC018,L002,SDG,Kilogram,2,2010-11-02,,,,No,2024-01-23 10:00:00,DSAI User,2024-01-23 10:00:00,DSAI User
C000017,PC001,UPC001,L002,USD,Nos,5,2010-11-03,,,,No,2024-01-23 10:00:00,DSAI User,2024-01-23 10:00:00,DSAI User
C000018,PC002,UPC002,L003,USD,Liter,3,2010-11-04,,,,No,2024-01-23 10:00:00,DSAI User,2024-01-23 10:00:00,DSAI User
C000019,PC003,UPC003,L008,USD,Liter,1,2010-11-05,,,,No,2024-01-23 10:00:00,DSAI User,2024-01-23 10:00:00,DSAI User
C000020,PC004,UPC004,L001,SDG,Nos,1,2010-11-06,PRO0002,,,No,2024-01-23 10:00:00,DSAI User,2024-01-23 10:00:00,DSAI User
C000001,PC002,UPC002,L003,SDG,Kilogram,3,2010-11-07,,,,No,2024-01-23 10:00:00,DSAI User,2024-01-23 10:00:00,DSAI User
C000002,PC003,UPC003,L010,INR,Liter,1,2010-11-08,,,,No,2024-01-23 10:00:00,DSAI User,2024-01-23 10:00:00,DSAI User
C000003,PC004,UPC004,L006,INR,Nos,2,2010-11-09,,,,No,2024-01-23 10:00:00,DSAI User,2024-01-23 10:00:00,DSAI User
C000004,PC005,UPC005,L001,INR,Kilogram,5,2010-11-10,,,,No,2024-01-23 10:00:00,DSAI User,2024-01-23 10:00:00,DSAI User
C000005,PC006,UPC006,L007,USD,Kilogram,3,2010-11-11,,,,No,2024-01-23 10:00:00,DSAI User,2024-01-23 10:00:00,DSAI User
C000006,PC007,UPC007,L009,INR,Nos,1,2010-11-12,,,,No,2024-01-23 10:00:00,DSAI User,2024-01-23 10:00:00,DSAI User
C000007,PC008,UPC008,L002,SDG,Nos,2,2010-11-13,,,LP001,No,2024-01-23 10:00:00,DSAI User,2024-01-23 10:00:00,DSAI User
C000008,PC009,UPC009,L002,SDG,Kilogram,1,2010-11-14,,,LP002,No,2024-01-23 10:00:00,DSAI User,2024-01-23 10:00:00,DSAI User
C000009,PC010,UPC010,L004,USD,Kilogram,1,2010-11-15,,,LP003,No,2024-01-23 10:00:00,DSAI User,2024-01-23 10:00:00,DSAI User
C000010,PC011,UPC011,L004,SDG,Kilogram,3,2010-11-16,,,LP004,No,2024-01-23 10:00:00,DSAI User,2024-01-23 10:00:00,DSAI User
C000011,PC012,UPC012,L005,USD,Kilogram,1,2010-11-17,PRO0003,,LP005,No,2024-01-23 10:00:00,DSAI User,2024-01-23 10:00:00,DSAI User
C000012,PC013,UPC013,L003,SDG,Nos,2,2010-11-18,,,LP006,No,2024-01-23 10:00:00,DSAI User,2024-01-23 10:00:00,DSAI User
C000013,PC014,UPC014,L005,SDG,Nos,5,2010-11-19,,,LP007,No,2024-01-23 10:00:00,DSAI User,2024-01-23 10:00:00,DSAI User
C000014,PC015,UPC015,L005,USD,Nos,3,2010-11-20,,,LP008,No,2024-01-23 10:00:00,DSAI User,2024-01-23 10:00:00,DSAI User
C000015,PC016,UPC016,L008,SDG,Nos,1,2010-11-21,,,LP009,No,2024-01-23 10:00:00,DSAI User,2024-01-23 10:00:00,DSAI User
C000016,PC017,UPC017,L001,INR,Kilogram,2,2010-11-22,,,LP010,No,2024-01-23 10:00:00,DSAI User,2024-01-23 10:00:00,DSAI User
C000017,PC018,UPC018,L007,INR,Kilogram,1,2010-11-23,,,,No,2024-01-23 10:00:00,DSAI User,2024-01-23 10:00:00,DSAI User
C000018,PC001,UPC001,L002,USD,Nos,1,2010-11-24,,,,No,2024-01-23 10:00:00,DSAI User,2024-01-23 10:00:00,DSAI User
C000019,PC002,UPC002,L003,USD,Liter,3,2010-11-20,,,,No,2024-01-23 10:00:00,DSAI User,2024-01-23 10:00:00,DSAI User
C000020,PC003,UPC003,L004,USD,Liter,1,2010-11-21,,,,No,2024-01-23 10:00:00,DSAI User,2024-01-23 10:00:00,DSAI User
C000001,PC004,UPC004,L009,USD,Nos,2,2010-11-22,,,,No,2024-01-23 10:00:00,DSAI User,2024-01-23 10:00:00,DSAI User
C000002,PC002,UPC002,L007,INR,Kilogram,5,2010-11-23,,,,No,2024-01-23 10:00:00,DSAI User,2024-01-23 10:00:00,DSAI User
C000003,PC003,UPC003,L003,USD,Liter,3,2010-11-24,,,,No,2024-01-23 10:00:00,DSAI User,2024-01-23 10:00:00,DSAI User
C000004,PC004,UPC004,L010,SDG,Nos,1,2010-11-19,,,,No,2024-01-23 10:00:00,DSAI User,2024-01-23 10:00:00,DSAI User
C000005,PC005,UPC005,L002,USD,Kilogram,2,2010-11-20,,,,No,2024-01-23 10:00:00,DSAI User,2024-01-23 10:00:00,DSAI User
C000006,PC006,UPC006,L002,USD,Kilogram,1,2010-11-21,,,,No,2024-01-23 10:00:00,DSAI User,2024-01-23 10:00:00,DSAI User
C000007,PC007,UPC007,L010,USD,Nos,1,2010-11-22,,,,No,2024-01-23 10:00:00,DSAI User,2024-01-23 10:00:00,DSAI User
C000008,PC008,UPC008,L004,USD,Nos,3,2010-11-23,,,,No,2024-01-23 10:00:00,DSAI User,2024-01-23 10:00:00,DSAI User
C000009,PC009,UPC009,L004,SDG,Kilogram,1,2010-11-24,,,,No,2024-01-23 10:00:00,DSAI User,2024-01-23 10:00:00,DSAI User
C000010,PC010,UPC010,L003,USD,Kilogram,2,2010-11-20,,,,No,2024-01-23 10:00:00,DSAI User,2024-01-23 10:00:00,DSAI User
C000011,PC011,UPC011,L002,USD,Kilogram,5,2010-11-21,,,,No,2024-01-23 10:00:00,DSAI User,2024-01-23 10:00:00,DSAI User
C000012,PC012,UPC012,L001,USD,Kilogram,3,2010-11-22,,,,No,2024-01-23 10:00:00,DSAI User,2024-01-23 10:00:00,DSAI User
C000013,PC013,UPC013,L001,USD,Nos,1,2010-11-23,,,,No,2024-01-23 10:00:00,DSAI User,2024-01-23 10:00:00,DSAI User
C000014,PC014,UPC014,L010,INR,Nos,2,2010-11-24,,,LP001,No,2024-01-23 10:00:00,DSAI User,2024-01-23 10:00:00,DSAI User
C000015,PC015,UPC015,L008,INR,Nos,1,2010-11-19,,,LP002,No,2024-01-23 10:00:00,DSAI User,2024-01-23 10:00:00,DSAI User
C000016,PC016,UPC016,L003,INR,Nos,1,2010-11-20,,,LP003,No,2024-01-23 10:00:00,DSAI User,2024-01-23 10:00:00,DSAI User
C000017,PC017,UPC017,L010,SDG,Kilogram,3,2010-11-21,,,LP004,No,2024-01-23 10:00:00,DSAI User,2024-01-23 10:00:00,DSAI User
C000018,PC018,UPC018,L007,INR,Kilogram,1,2010-11-22,,,LP005,No,2024-01-23 10:00:00,DSAI User,2024-01-23 10:00:00,DSAI User
C000019,PC018,UPC018,L002,SDG,Nos,2,2010-11-23,,,LP006,No,2024-01-23 10:00:00,DSAI User,2024-01-23 10:00:00,DSAI User
