make,model,year,mileage,Mileage condition,price,Price level,color,state,price condition,color condition,price value condition,mileage color condition
Ford,Altima,2010,10284,BETTER,35653,Level4,silver,TX,FALSE,FALSE,NOT ELIGIBLE,NOT ELIGIBLE
Toyota,Altima,2015,10303,BETTER,25373,Level3,red,TX,FALSE,FALSE,NOT ELIGIBLE,ELIGIBLE
Chevrolet,Fusion,2015,10338,BETTER,46394,Level5,white,NY,TRUE,TRUE,ELIGIBLE,NOT ELIGIBLE
Toyota,Altima,2018,10524,BETTER,12529,Level2,silver,NY,FALSE,FALSE,NOT ELIGIBLE,ELIGIBLE
Ford,Camry,2012,10603,BETTER,43674,Level5,white,NY,FALSE,TRUE,NOT ELIGIBLE,NOT ELIGIBLE
Chevrolet,Accord,2016,10746,BETTER,10719,Level2,white,IL,FALSE,FALSE,NOT ELIGIBLE,NOT ELIGIBLE
Honda,Altima,2012,10838,BETTER,46879,Level5,white,FL,TRUE,TRUE,ELIGIBLE,NOT ELIGIBLE
Chevrolet,Fusion,2016,11007,BETTER,10037,Level2,silver,CA,FALSE,FALSE,NOT ELIGIBLE,NOT ELIGIBLE
Toyota,Fusion,2010,11108,BETTER,27744,Level3,white,IL,FALSE,FALSE,NOT ELIGIBLE,ELIGIBLE
Toyota,Camry,2013,11254,BETTER,38759,Level4,blue,CA,FALSE,FALSE,NOT ELIGIBLE,ELIGIBLE
Chevrolet,Altima,2012,11388,BETTER,44920,Level5,blue,TX,FALSE,TRUE,NOT ELIGIBLE,NOT ELIGIBLE
Nissan,Altima,2018,11522,BETTER,19083,Level2,blue,TX,FALSE,FALSE,NOT ELIGIBLE,NOT ELIGIBLE
Ford,Accord,2012,11795,BETTER,30494,Level4,blue,CA,FALSE,FALSE,NOT ELIGIBLE,NOT ELIGIBLE
Toyota,Camry,2014,11826,BETTER,15233,Level2,silver,FL,FALSE,FALSE,NOT ELIGIBLE,ELIGIBLE
Nissan,Fusion,2010,11982,BETTER,37310,Level4,silver,NY,FALSE,FALSE,NOT ELIGIBLE,NOT ELIGIBLE
Toyota,Camry,2014,12039,BETTER,45041,Level5,black,TX,TRUE,TRUE,ELIGIBLE,NOT ELIGIBLE
Honda,Camry,2016,12078,BETTER,22661,Level3,silver,FL,FALSE,FALSE,NOT ELIGIBLE,NOT ELIGIBLE
Honda,Altima,2018,12079,BETTER,49217,Level5,silver,NY,TRUE,TRUE,ELIGIBLE,NOT ELIGIBLE
Toyota,Accord,2011,12147,BETTER,24688,Level3,silver,TX,FALSE,FALSE,NOT ELIGIBLE,ELIGIBLE
Ford,Camry,2010,12159,BETTER,36923,Level4,red,TX,FALSE,FALSE,NOT ELIGIBLE,NOT ELIGIBLE
Ford,Cruze,2018,12416,BETTER,32626,Level4,red,CA,FALSE,FALSE,NOT ELIGIBLE,NOT ELIGIBLE
Ford,Cruze,2012,12602,BETTER,23578,Level3,black,IL,FALSE,FALSE,NOT ELIGIBLE,NOT ELIGIBLE
Nissan,Altima,2017,12636,BETTER,20570,Level3,blue,NY,FALSE,FALSE,NOT ELIGIBLE,NOT ELIGIBLE
Nissan,Camry,2010,12725,BETTER,49989,Level5,red,TX,TRUE,TRUE,ELIGIBLE,NOT ELIGIBLE
Nissan,Altima,2015,13040,BETTER,11644,Level2,red,FL,FALSE,FALSE,NOT ELIGIBLE,NOT ELIGIBLE
Ford,Accord,2017,13043,BETTER,41413,Level5,white,NY,FALSE,TRUE,NOT ELIGIBLE,NOT ELIGIBLE
Nissan,Camry,2010,13245,BETTER,49884,Level5,blue,NY,TRUE,TRUE,ELIGIBLE,NOT ELIGIBLE
Chevrolet,Accord,2015,13250,BETTER,28707,Level3,black,IL,FALSE,FALSE,NOT ELIGIBLE,NOT ELIGIBLE
Ford,Camry,2010,13299,BETTER,28940,Level3,silver,IL,FALSE,FALSE,NOT ELIGIBLE,NOT ELIGIBLE
Toyota,Fusion,2012,13339,BETTER,31772,Level4,blue,CA,FALSE,FALSE,NOT ELIGIBLE,ELIGIBLE
Honda,Camry,2013,13377,BETTER,31403,Level4,blue,CA,FALSE,FALSE,NOT ELIGIBLE,NOT ELIGIBLE
Toyota,Cruze,2015,13455,BETTER,10022,Level2,silver,IL,FALSE,FALSE,NOT ELIGIBLE,ELIGIBLE
Chevrolet,Cruze,2012,13488,BETTER,44090,Level5,silver,TX,FALSE,TRUE,NOT ELIGIBLE,NOT ELIGIBLE
Nissan,Altima,2015,13593,BETTER,47805,Level5,black,TX,TRUE,TRUE,ELIGIBLE,NOT ELIGIBLE
Honda,Accord,2018,13677,BETTER,29954,Level3,red,IL,FALSE,FALSE,NOT ELIGIBLE,NOT ELIGIBLE
Toyota,Cruze,2012,13828,BETTER,23405,Level3,blue,CA,FALSE,FALSE,NOT ELIGIBLE,ELIGIBLE
Chevrolet,Fusion,2014,13850,BETTER,28979,Level3,silver,TX,FALSE,FALSE,NOT ELIGIBLE,NOT ELIGIBLE
Nissan,Camry,2016,13925,BETTER,11789,Level2,black,IL,FALSE,FALSE,NOT ELIGIBLE,NOT ELIGIBLE
Toyota,Camry,2010,13941,BETTER,18722,Level2,silver,CA,FALSE,FALSE,NOT ELIGIBLE,ELIGIBLE
Toyota,Altima,2015,13954,BETTER,14794,Level2,silver,TX,FALSE,FALSE,NOT ELIGIBLE,ELIGIBLE
Nissan,Cruze,2012,14180,BETTER,37178,Level4,silver,TX,FALSE,FALSE,NOT ELIGIBLE,NOT ELIGIBLE
Ford,Fusion,2014,14184,BETTER,13957,Level2,blue,CA,FALSE,FALSE,NOT ELIGIBLE,NOT ELIGIBLE
Chevrolet,Accord,2011,14481,BETTER,49998,Level5,red,FL,TRUE,TRUE,ELIGIBLE,NOT ELIGIBLE
Chevrolet,Camry,2013,14489,BETTER,27512,Level3,silver,TX,FALSE,FALSE,NOT ELIGIBLE,NOT ELIGIBLE
Chevrolet,Fusion,2017,14492,BETTER,37890,Level4,red,TX,FALSE,FALSE,NOT ELIGIBLE,NOT ELIGIBLE
Honda,Altima,2016,14572,BETTER,29932,Level3,black,TX,FALSE,FALSE,NOT ELIGIBLE,NOT ELIGIBLE
Honda,Camry,2011,14579,BETTER,15367,Level2,red,IL,FALSE,FALSE,NOT ELIGIBLE,NOT ELIGIBLE
Nissan,Altima,2010,14607,BETTER,25740,Level3,black,IL,FALSE,FALSE,NOT ELIGIBLE,NOT ELIGIBLE
Nissan,Accord,2010,14612,BETTER,40669,Level5,blue,FL,FALSE,TRUE,NOT ELIGIBLE,NOT ELIGIBLE
Nissan,Cruze,2010,14612,BETTER,41832,Level5,blue,IL,FALSE,TRUE,NOT ELIGIBLE,NOT ELIGIBLE
Nissan,Camry,2013,14718,BETTER,27729,Level3,blue,FL,FALSE,FALSE,NOT ELIGIBLE,NOT ELIGIBLE
Nissan,Altima,2010,14718,BETTER,40949,Level5,red,NY,FALSE,TRUE,NOT ELIGIBLE,NOT ELIGIBLE
Nissan,Cruze,2013,14868,BETTER,14767,Level2,red,TX,FALSE,FALSE,NOT ELIGIBLE,NOT ELIGIBLE
Honda,Cruze,2018,14870,BETTER,30989,Level4,black,TX,FALSE,FALSE,NOT ELIGIBLE,NOT ELIGIBLE
Toyota,Camry,2014,14908,BETTER,23603,Level3,silver,TX,FALSE,FALSE,NOT ELIGIBLE,ELIGIBLE
Nissan,Camry,2015,15089,BETTER,13881,Level2,black,FL,FALSE,FALSE,NOT ELIGIBLE,NOT ELIGIBLE
Ford,Fusion,2017,15177,BETTER,12947,Level2,red,TX,FALSE,FALSE,NOT ELIGIBLE,NOT ELIGIBLE
Honda,Cruze,2012,15306,BETTER,32734,Level4,white,TX,FALSE,FALSE,NOT ELIGIBLE,NOT ELIGIBLE
Nissan,Camry,2016,15389,BETTER,25824,Level3,white,IL,FALSE,FALSE,NOT ELIGIBLE,NOT ELIGIBLE
Toyota,Camry,2017,15737,BETTER,11435,Level2,white,NY,FALSE,FALSE,NOT ELIGIBLE,ELIGIBLE
Chevrolet,Fusion,2010,15787,BETTER,21754,Level3,blue,IL,FALSE,FALSE,NOT ELIGIBLE,NOT ELIGIBLE
Ford,Altima,2014,15804,BETTER,48082,Level5,silver,NY,TRUE,TRUE,ELIGIBLE,NOT ELIGIBLE
Toyota,Camry,2017,15878,BETTER,33520,Level4,black,CA,FALSE,FALSE,NOT ELIGIBLE,ELIGIBLE
Nissan,Accord,2011,15912,BETTER,38450,Level4,blue,FL,FALSE,FALSE,NOT ELIGIBLE,NOT ELIGIBLE
Ford,Altima,2016,15999,BETTER,19003,Level2,black,FL,FALSE,FALSE,NOT ELIGIBLE,NOT ELIGIBLE
Honda,Fusion,2018,16069,BETTER,24439,Level3,silver,CA,FALSE,FALSE,NOT ELIGIBLE,NOT ELIGIBLE
Chevrolet,Fusion,2011,16125,BETTER,10427,Level2,red,CA,FALSE,FALSE,NOT ELIGIBLE,NOT ELIGIBLE
Nissan,Cruze,2010,16407,BETTER,46581,Level5,silver,NY,TRUE,TRUE,ELIGIBLE,NOT ELIGIBLE
Nissan,Accord,2018,16417,BETTER,38167,Level4,black,NY,FALSE,FALSE,NOT ELIGIBLE,NOT ELIGIBLE
Honda,Accord,2010,16598,BETTER,48900,Level5,silver,TX,TRUE,TRUE,ELIGIBLE,NOT ELIGIBLE
Toyota,Accord,2011,16646,BETTER,10439,Level2,blue,FL,FALSE,FALSE,NOT ELIGIBLE,ELIGIBLE
Ford,Fusion,2018,16860,BETTER,45236,Level5,red,NY,TRUE,TRUE,ELIGIBLE,NOT ELIGIBLE
Honda,Fusion,2015,16957,BETTER,37880,Level4,blue,NY,FALSE,FALSE,NOT ELIGIBLE,NOT ELIGIBLE
Ford,Cruze,2015,17092,BETTER,16903,Level2,black,FL,FALSE,FALSE,NOT ELIGIBLE,NOT ELIGIBLE
Toyota,Cruze,2015,17201,BETTER,15484,Level2,red,CA,FALSE,FALSE,NOT ELIGIBLE,ELIGIBLE
Nissan,Cruze,2016,17417,BETTER,30832,Level4,silver,IL,FALSE,FALSE,NOT ELIGIBLE,NOT ELIGIBLE
Toyota,Altima,2011,17506,BETTER,17183,Level2,black,CA,FALSE,FALSE,NOT ELIGIBLE,ELIGIBLE
Nissan,Altima,2012,17511,BETTER,49787,Level5,black,NY,TRUE,TRUE,ELIGIBLE,NOT ELIGIBLE
Toyota,Camry,2014,17515,BETTER,31659,Level4,blue,FL,FALSE,FALSE,NOT ELIGIBLE,ELIGIBLE
Ford,Altima,2012,17547,BETTER,47126,Level5,silver,CA,TRUE,TRUE,ELIGIBLE,NOT ELIGIBLE
Toyota,Accord,2014,17610,BETTER,22362,Level3,white,FL,FALSE,FALSE,NOT ELIGIBLE,ELIGIBLE
Toyota,Accord,2015,17637,BETTER,29111,Level3,black,TX,FALSE,FALSE,NOT ELIGIBLE,ELIGIBLE
Ford,Cruze,2015,17744,BETTER,36172,Level4,white,FL,FALSE,FALSE,NOT ELIGIBLE,NOT ELIGIBLE
Honda,Camry,2010,18030,BETTER,32184,Level4,white,FL,FALSE,FALSE,NOT ELIGIBLE,NOT ELIGIBLE
Toyota,Fusion,2011,18160,BETTER,20903,Level3,blue,CA,FALSE,FALSE,NOT ELIGIBLE,ELIGIBLE
Honda,Camry,2015,18206,BETTER,49971,Level5,silver,CA,TRUE,TRUE,ELIGIBLE,NOT ELIGIBLE
Chevrolet,Camry,2018,18274,BETTER,20199,Level3,blue,FL,FALSE,FALSE,NOT ELIGIBLE,NOT ELIGIBLE
Nissan,Accord,2012,18448,BETTER,31651,Level4,blue,TX,FALSE,FALSE,NOT ELIGIBLE,NOT ELIGIBLE
Nissan,Cruze,2018,18472,BETTER,39237,Level4,black,CA,FALSE,FALSE,NOT ELIGIBLE,NOT ELIGIBLE
Honda,Altima,2014,18563,BETTER,16523,Level2,silver,FL,FALSE,FALSE,NOT ELIGIBLE,NOT ELIGIBLE
Honda,Accord,2017,18722,BETTER,45798,Level5,silver,TX,TRUE,TRUE,ELIGIBLE,NOT ELIGIBLE
Ford,Cruze,2016,18833,BETTER,19160,Level2,blue,TX,FALSE,FALSE,NOT ELIGIBLE,NOT ELIGIBLE
Nissan,Cruze,2010,19018,BETTER,31801,Level4,silver,CA,FALSE,FALSE,NOT ELIGIBLE,NOT ELIGIBLE
Chevrolet,Fusion,2011,19103,BETTER,19740,Level2,red,NY,FALSE,FALSE,NOT ELIGIBLE,NOT ELIGIBLE
Chevrolet,Accord,2012,19202,BETTER,26727,Level3,black,TX,FALSE,FALSE,NOT ELIGIBLE,NOT ELIGIBLE
Chevrolet,Fusion,2012,19214,BETTER,29632,Level3,black,CA,FALSE,FALSE,NOT ELIGIBLE,NOT ELIGIBLE
Honda,Camry,2013,19298,BETTER,12151,Level2,black,CA,FALSE,FALSE,NOT ELIGIBLE,NOT ELIGIBLE
Honda,Cruze,2017,19474,BETTER,26400,Level3,blue,NY,FALSE,FALSE,NOT ELIGIBLE,NOT ELIGIBLE
Nissan,Fusion,2013,19659,BETTER,39774,Level4,black,CA,FALSE,FALSE,NOT ELIGIBLE,NOT ELIGIBLE
Toyota,Altima,2018,19715,BETTER,36399,Level4,blue,NY,FALSE,FALSE,NOT ELIGIBLE,ELIGIBLE
Toyota,Camry,2014,19779,BETTER,10039,Level2,blue,CA,FALSE,FALSE,NOT ELIGIBLE,ELIGIBLE
Chevrolet,Cruze,2011,19845,BETTER,31425,Level4,silver,NY,FALSE,FALSE,NOT ELIGIBLE,NOT ELIGIBLE
Toyota,Cruze,2017,19882,BETTER,34176,Level4,red,IL,FALSE,FALSE,NOT ELIGIBLE,ELIGIBLE
Honda,Camry,2011,20205,BETTER,25546,Level3,red,FL,FALSE,FALSE,NOT ELIGIBLE,NOT ELIGIBLE
Honda,Accord,2018,20374,BETTER,32248,Level4,silver,NY,FALSE,FALSE,NOT ELIGIBLE,NOT ELIGIBLE
Ford,Cruze,2011,20400,BETTER,26454,Level3,white,NY,FALSE,FALSE,NOT ELIGIBLE,NOT ELIGIBLE
Nissan,Cruze,2012,20543,BETTER,41558,Level5,silver,TX,FALSE,TRUE,NOT ELIGIBLE,NOT ELIGIBLE
Nissan,Accord,2016,20713,BETTER,43452,Level5,white,NY,FALSE,TRUE,NOT ELIGIBLE,NOT ELIGIBLE
Ford,Camry,2013,20731,BETTER,49875,Level5,silver,IL,TRUE,TRUE,ELIGIBLE,NOT ELIGIBLE
Nissan,Accord,2010,20771,BETTER,13804,Level2,black,NY,FALSE,FALSE,NOT ELIGIBLE,NOT ELIGIBLE
Chevrolet,Cruze,2010,20774,BETTER,10312,Level2,white,FL,FALSE,FALSE,NOT ELIGIBLE,NOT ELIGIBLE
Honda,Camry,2015,20789,BETTER,45564,Level5,silver,FL,TRUE,TRUE,ELIGIBLE,NOT ELIGIBLE
Ford,Accord,2018,20835,BETTER,25712,Level3,white,IL,FALSE,FALSE,NOT ELIGIBLE,NOT ELIGIBLE
Chevrolet,Accord,2015,20853,BETTER,29465,Level3,red,FL,FALSE,FALSE,NOT ELIGIBLE,NOT ELIGIBLE
Chevrolet,Fusion,2013,20860,BETTER,42545,Level5,red,IL,FALSE,TRUE,NOT ELIGIBLE,NOT ELIGIBLE
Nissan,Camry,2015,20991,BETTER,31631,Level4,white,CA,FALSE,FALSE,NOT ELIGIBLE,NOT ELIGIBLE
Nissan,Accord,2012,21141,BETTER,10372,Level2,blue,IL,FALSE,FALSE,NOT ELIGIBLE,NOT ELIGIBLE
Honda,Accord,2011,21252,BETTER,34768,Level4,red,TX,FALSE,FALSE,NOT ELIGIBLE,NOT ELIGIBLE
Honda,Cruze,2010,21277,BETTER,39841,Level4,black,FL,FALSE,FALSE,NOT ELIGIBLE,NOT ELIGIBLE
Nissan,Altima,2014,21291,BETTER,30582,Level4,silver,TX,FALSE,FALSE,NOT ELIGIBLE,NOT ELIGIBLE
Chevrolet,Camry,2011,21308,BETTER,18800,Level2,black,CA,FALSE,FALSE,NOT ELIGIBLE,NOT ELIGIBLE
Chevrolet,Accord,2011,21653,BETTER,24181,Level3,blue,IL,FALSE,FALSE,NOT ELIGIBLE,NOT ELIGIBLE
Toyota,Fusion,2011,21855,BETTER,30217,Level4,silver,NY,FALSE,FALSE,NOT ELIGIBLE,ELIGIBLE
Chevrolet,Cruze,2015,21945,BETTER,22364,Level3,black,CA,FALSE,FALSE,NOT ELIGIBLE,NOT ELIGIBLE
Honda,Fusion,2013,22030,BETTER,45530,Level5,white,IL,TRUE,TRUE,ELIGIBLE,NOT ELIGIBLE
Toyota,Cruze,2017,22225,BETTER,30949,Level4,white,CA,FALSE,FALSE,NOT ELIGIBLE,ELIGIBLE
Honda,Cruze,2017,22650,BETTER,21426,Level3,red,CA,FALSE,FALSE,NOT ELIGIBLE,NOT ELIGIBLE
Chevrolet,Fusion,2018,22734,BETTER,16436,Level2,black,NY,FALSE,FALSE,NOT ELIGIBLE,NOT ELIGIBLE
Ford,Cruze,2011,22766,BETTER,29061,Level3,red,FL,FALSE,FALSE,NOT ELIGIBLE,NOT ELIGIBLE
Honda,Camry,2012,23167,BETTER,18170,Level2,blue,CA,FALSE,FALSE,NOT ELIGIBLE,NOT ELIGIBLE
Toyota,Camry,2013,23197,BETTER,20778,Level3,blue,IL,FALSE,FALSE,NOT ELIGIBLE,ELIGIBLE
Chevrolet,Fusion,2011,23290,BETTER,13056,Level2,silver,NY,FALSE,FALSE,NOT ELIGIBLE,NOT ELIGIBLE
Chevrolet,Accord,2015,23314,BETTER,36571,Level4,silver,NY,FALSE,FALSE,NOT ELIGIBLE,NOT ELIGIBLE
Nissan,Accord,2010,23354,BETTER,34836,Level4,black,TX,FALSE,FALSE,NOT ELIGIBLE,NOT ELIGIBLE
Honda,Camry,2018,23531,BETTER,13192,Level2,white,IL,FALSE,FALSE,NOT ELIGIBLE,NOT ELIGIBLE
Nissan,Camry,2010,23681,BETTER,49199,Level5,black,CA,TRUE,TRUE,ELIGIBLE,NOT ELIGIBLE
Toyota,Accord,2017,23744,BETTER,10359,Level2,silver,IL,FALSE,FALSE,NOT ELIGIBLE,ELIGIBLE
Chevrolet,Accord,2011,23828,BETTER,17561,Level2,blue,TX,FALSE,FALSE,NOT ELIGIBLE,NOT ELIGIBLE
Nissan,Altima,2017,24050,BETTER,30188,Level4,blue,TX,FALSE,FALSE,NOT ELIGIBLE,NOT ELIGIBLE
Honda,Accord,2018,24083,BETTER,12852,Level2,white,IL,FALSE,FALSE,NOT ELIGIBLE,NOT ELIGIBLE
Ford,Accord,2014,24470,BETTER,30887,Level4,black,NY,FALSE,FALSE,NOT ELIGIBLE,NOT ELIGIBLE
Chevrolet,Fusion,2015,24480,BETTER,20593,Level3,white,CA,FALSE,FALSE,NOT ELIGIBLE,NOT ELIGIBLE
Chevrolet,Accord,2010,24517,BETTER,42874,Level5,silver,IL,FALSE,TRUE,NOT ELIGIBLE,NOT ELIGIBLE
Nissan,Altima,2018,24635,BETTER,15163,Level2,white,CA,FALSE,FALSE,NOT ELIGIBLE,NOT ELIGIBLE
Chevrolet,Cruze,2010,24728,BETTER,25142,Level3,red,CA,FALSE,FALSE,NOT ELIGIBLE,NOT ELIGIBLE
Toyota,Altima,2014,24884,BETTER,28748,Level3,silver,FL,FALSE,FALSE,NOT ELIGIBLE,ELIGIBLE
Toyota,Accord,2010,24981,BETTER,26856,Level3,blue,IL,FALSE,FALSE,NOT ELIGIBLE,ELIGIBLE
Honda,Camry,2010,25031,BEST,24719,Level3,white,IL,FALSE,FALSE,NOT ELIGIBLE,NOT ELIGIBLE
Chevrolet,Camry,2018,25035,BEST,22205,Level3,blue,FL,FALSE,FALSE,NOT ELIGIBLE,NOT ELIGIBLE
Chevrolet,Altima,2013,25091,BEST,13960,Level2,red,NY,FALSE,FALSE,NOT ELIGIBLE,NOT ELIGIBLE
Honda,Altima,2010,25104,BEST,10696,Level2,white,IL,FALSE,FALSE,NOT ELIGIBLE,NOT ELIGIBLE
Toyota,Cruze,2013,25133,BEST,26020,Level3,blue,TX,FALSE,FALSE,NOT ELIGIBLE,ELIGIBLE
Honda,Altima,2017,25154,BEST,43139,Level5,red,FL,FALSE,TRUE,NOT ELIGIBLE,NOT ELIGIBLE
Honda,Fusion,2013,25360,BEST,38818,Level4,blue,IL,FALSE,FALSE,NOT ELIGIBLE,NOT ELIGIBLE
Nissan,Fusion,2015,25405,BEST,35867,Level4,red,IL,FALSE,FALSE,NOT ELIGIBLE,NOT ELIGIBLE
Chevrolet,Fusion,2010,25466,BEST,19036,Level2,red,IL,FALSE,FALSE,NOT ELIGIBLE,NOT ELIGIBLE
Nissan,Altima,2016,25501,BEST,37535,Level4,black,NY,FALSE,FALSE,NOT ELIGIBLE,NOT ELIGIBLE
Nissan,Altima,2017,25716,BEST,10091,Level2,red,TX,FALSE,FALSE,NOT ELIGIBLE,NOT ELIGIBLE
Toyota,Camry,2014,25765,BEST,16753,Level2,red,TX,FALSE,FALSE,NOT ELIGIBLE,ELIGIBLE
Toyota,Accord,2012,25841,BEST,39644,Level4,black,NY,FALSE,FALSE,NOT ELIGIBLE,ELIGIBLE
Toyota,Camry,2014,25844,BEST,49871,Level5,red,IL,TRUE,TRUE,ELIGIBLE,NOT ELIGIBLE
Toyota,Fusion,2014,25925,BEST,49763,Level5,red,FL,TRUE,TRUE,ELIGIBLE,NOT ELIGIBLE
Toyota,Altima,2015,26405,BEST,23696,Level3,black,NY,FALSE,FALSE,NOT ELIGIBLE,ELIGIBLE
Chevrolet,Accord,2010,26605,BEST,46265,Level5,black,CA,TRUE,TRUE,ELIGIBLE,NOT ELIGIBLE
Chevrolet,Camry,2017,26619,BEST,41902,Level5,red,TX,FALSE,TRUE,NOT ELIGIBLE,NOT ELIGIBLE
Toyota,Cruze,2010,26672,BEST,21328,Level3,white,NY,FALSE,FALSE,NOT ELIGIBLE,ELIGIBLE
Chevrolet,Accord,2018,26933,BEST,21813,Level3,silver,TX,FALSE,FALSE,NOT ELIGIBLE,NOT ELIGIBLE
Ford,Camry,2018,26945,BEST,19806,Level2,black,FL,FALSE,FALSE,NOT ELIGIBLE,NOT ELIGIBLE
Chevrolet,Cruze,2012,27076,BEST,13663,Level2,silver,CA,FALSE,FALSE,NOT ELIGIBLE,NOT ELIGIBLE
Nissan,Accord,2018,27116,BEST,21468,Level3,silver,IL,FALSE,FALSE,NOT ELIGIBLE,NOT ELIGIBLE
Chevrolet,Fusion,2011,27215,BEST,48441,Level5,red,FL,TRUE,TRUE,ELIGIBLE,NOT ELIGIBLE
Honda,Accord,2013,27268,BEST,29146,Level3,silver,NY,FALSE,FALSE,NOT ELIGIBLE,NOT ELIGIBLE
Nissan,Altima,2016,27900,BEST,13882,Level2,blue,CA,FALSE,FALSE,NOT ELIGIBLE,NOT ELIGIBLE
Ford,Fusion,2012,27905,BEST,43169,Level5,black,TX,FALSE,TRUE,NOT ELIGIBLE,NOT ELIGIBLE
Toyota,Accord,2010,27932,BEST,16432,Level2,black,NY,FALSE,FALSE,NOT ELIGIBLE,ELIGIBLE
Toyota,Accord,2013,28012,BEST,19212,Level2,white,NY,FALSE,FALSE,NOT ELIGIBLE,ELIGIBLE
Nissan,Camry,2012,28559,BEST,28207,Level3,silver,IL,FALSE,FALSE,NOT ELIGIBLE,NOT ELIGIBLE
Chevrolet,Fusion,2011,28593,BEST,27316,Level3,white,IL,FALSE,FALSE,NOT ELIGIBLE,NOT ELIGIBLE
Toyota,Accord,2010,28682,BEST,12481,Level2,black,CA,FALSE,FALSE,NOT ELIGIBLE,ELIGIBLE
Chevrolet,Cruze,2016,28854,BEST,11583,Level2,silver,TX,FALSE,FALSE,NOT ELIGIBLE,NOT ELIGIBLE
Ford,Altima,2011,29008,BEST,30488,Level4,black,FL,FALSE,FALSE,NOT ELIGIBLE,NOT ELIGIBLE
Chevrolet,Cruze,2013,29013,BEST,24633,Level3,silver,NY,FALSE,FALSE,NOT ELIGIBLE,NOT ELIGIBLE
Nissan,Altima,2011,29201,BEST,15559,Level2,silver,NY,FALSE,FALSE,NOT ELIGIBLE,NOT ELIGIBLE
Honda,Accord,2014,29235,BEST,38523,Level4,white,NY,FALSE,FALSE,NOT ELIGIBLE,NOT ELIGIBLE
Nissan,Accord,2012,29329,BEST,25319,Level3,white,CA,FALSE,FALSE,NOT ELIGIBLE,NOT ELIGIBLE
Chevrolet,Cruze,2015,29359,BEST,46739,Level5,silver,CA,TRUE,TRUE,ELIGIBLE,NOT ELIGIBLE
Ford,Altima,2014,29361,BEST,33129,Level4,black,CA,FALSE,FALSE,NOT ELIGIBLE,NOT ELIGIBLE
Nissan,Fusion,2018,30045,BEST,10818,Level2,white,NY,FALSE,FALSE,NOT ELIGIBLE,NOT ELIGIBLE
Ford,Fusion,2012,30177,BEST,15581,Level2,black,IL,FALSE,FALSE,NOT ELIGIBLE,NOT ELIGIBLE
Toyota,Altima,2013,30306,BEST,36530,Level4,black,CA,FALSE,FALSE,NOT ELIGIBLE,ELIGIBLE
Toyota,Camry,2010,30378,BEST,46952,Level5,silver,TX,TRUE,TRUE,ELIGIBLE,NOT ELIGIBLE
Toyota,Accord,2016,30406,BEST,49110,Level5,blue,IL,TRUE,TRUE,ELIGIBLE,NOT ELIGIBLE
Honda,Accord,2018,30430,BEST,45372,Level5,black,NY,TRUE,TRUE,ELIGIBLE,NOT ELIGIBLE
Chevrolet,Accord,2016,30560,BEST,30130,Level4,silver,IL,FALSE,FALSE,NOT ELIGIBLE,NOT ELIGIBLE
Chevrolet,Cruze,2013,30849,BEST,17482,Level2,black,CA,FALSE,FALSE,NOT ELIGIBLE,NOT ELIGIBLE
Nissan,Camry,2015,30860,BEST,20084,Level3,blue,NY,FALSE,FALSE,NOT ELIGIBLE,NOT ELIGIBLE
Chevrolet,Fusion,2013,30864,BEST,13811,Level2,blue,CA,FALSE,FALSE,NOT ELIGIBLE,NOT ELIGIBLE
Honda,Cruze,2014,30864,BEST,48873,Level5,black,NY,TRUE,TRUE,ELIGIBLE,NOT ELIGIBLE
Chevrolet,Camry,2016,31139,BEST,12166,Level2,black,CA,FALSE,FALSE,NOT ELIGIBLE,NOT ELIGIBLE
Nissan,Fusion,2012,31256,BEST,28439,Level3,red,FL,FALSE,FALSE,NOT ELIGIBLE,NOT ELIGIBLE
Chevrolet,Altima,2014,31450,BEST,37093,Level4,black,TX,FALSE,FALSE,NOT ELIGIBLE,NOT ELIGIBLE
Nissan,Fusion,2012,31459,BEST,32163,Level4,black,NY,FALSE,FALSE,NOT ELIGIBLE,NOT ELIGIBLE
Toyota,Camry,2015,31509,BEST,45668,Level5,white,TX,TRUE,TRUE,ELIGIBLE,NOT ELIGIBLE
Chevrolet,Camry,2011,31723,BEST,25427,Level3,red,CA,FALSE,FALSE,NOT ELIGIBLE,NOT ELIGIBLE
Chevrolet,Cruze,2010,31887,BEST,15790,Level2,white,CA,FALSE,FALSE,NOT ELIGIBLE,NOT ELIGIBLE
Ford,Accord,2015,31907,BEST,28292,Level3,red,FL,FALSE,FALSE,NOT ELIGIBLE,NOT ELIGIBLE
Toyota,Cruze,2010,31949,BEST,46335,Level5,silver,FL,TRUE,TRUE,ELIGIBLE,NOT ELIGIBLE
Chevrolet,Altima,2017,31998,BEST,24529,Level3,white,FL,FALSE,FALSE,NOT ELIGIBLE,NOT ELIGIBLE
Honda,Fusion,2013,32028,BEST,19385,Level2,white,CA,FALSE,FALSE,NOT ELIGIBLE,NOT ELIGIBLE
Chevrolet,Camry,2017,32078,BEST,22534,Level3,white,FL,FALSE,FALSE,NOT ELIGIBLE,NOT ELIGIBLE
Chevrolet,Camry,2014,32167,BEST,27336,Level3,blue,TX,FALSE,FALSE,NOT ELIGIBLE,NOT ELIGIBLE
Toyota,Camry,2015,32245,BEST,46032,Level5,silver,FL,TRUE,TRUE,ELIGIBLE,NOT ELIGIBLE
Nissan,Altima,2015,32626,BEST,35991,Level4,black,NY,FALSE,FALSE,NOT ELIGIBLE,NOT ELIGIBLE
Nissan,Altima,2018,32730,BEST,35839,Level4,blue,IL,FALSE,FALSE,NOT ELIGIBLE,NOT ELIGIBLE
Chevrolet,Cruze,2017,32758,BEST,26289,Level3,red,TX,FALSE,FALSE,NOT ELIGIBLE,NOT ELIGIBLE
Honda,Altima,2015,32834,BEST,17855,Level2,white,TX,FALSE,FALSE,NOT ELIGIBLE,NOT ELIGIBLE
Toyota,Accord,2010,32856,BEST,27073,Level3,white,TX,FALSE,FALSE,NOT ELIGIBLE,ELIGIBLE
Nissan,Camry,2018,32892,BEST,41914,Level5,silver,NY,FALSE,TRUE,NOT ELIGIBLE,NOT ELIGIBLE
Toyota,Cruze,2018,32930,BEST,42285,Level5,red,IL,FALSE,TRUE,NOT ELIGIBLE,NOT ELIGIBLE
Ford,Camry,2017,32959,BEST,30744,Level4,silver,FL,FALSE,FALSE,NOT ELIGIBLE,NOT ELIGIBLE
Chevrolet,Camry,2018,33094,BEST,19870,Level2,red,NY,FALSE,FALSE,NOT ELIGIBLE,NOT ELIGIBLE
Chevrolet,Fusion,2012,33123,BEST,12328,Level2,blue,IL,FALSE,FALSE,NOT ELIGIBLE,NOT ELIGIBLE
Nissan,Altima,2013,33127,BEST,26736,Level3,white,FL,FALSE,FALSE,NOT ELIGIBLE,NOT ELIGIBLE
Ford,Altima,2017,33161,BEST,21365,Level3,white,CA,FALSE,FALSE,NOT ELIGIBLE,NOT ELIGIBLE
Ford,Cruze,2010,33224,BEST,33353,Level4,silver,IL,FALSE,FALSE,NOT ELIGIBLE,NOT ELIGIBLE
Chevrolet,Altima,2011,33225,BEST,19572,Level2,black,FL,FALSE,FALSE,NOT ELIGIBLE,NOT ELIGIBLE
Honda,Cruze,2012,33296,BEST,17167,Level2,black,FL,FALSE,FALSE,NOT ELIGIBLE,NOT ELIGIBLE
Nissan,Fusion,2017,33364,BEST,25338,Level3,silver,NY,FALSE,FALSE,NOT ELIGIBLE,NOT ELIGIBLE
Toyota,Fusion,2017,33388,BEST,15359,Level2,silver,FL,FALSE,FALSE,NOT ELIGIBLE,ELIGIBLE
Chevrolet,Accord,2016,33463,BEST,45999,Level5,blue,NY,TRUE,TRUE,ELIGIBLE,NOT ELIGIBLE
Honda,Cruze,2014,33493,BEST,11921,Level2,silver,NY,FALSE,FALSE,NOT ELIGIBLE,NOT ELIGIBLE
Nissan,Altima,2017,33586,BEST,18507,Level2,black,TX,FALSE,FALSE,NOT ELIGIBLE,NOT ELIGIBLE
Chevrolet,Altima,2017,33598,BEST,29734,Level3,silver,CA,FALSE,FALSE,NOT ELIGIBLE,NOT ELIGIBLE
Nissan,Cruze,2012,33608,BEST,15420,Level2,red,CA,FALSE,FALSE,NOT ELIGIBLE,NOT ELIGIBLE
Honda,Fusion,2017,33834,BEST,23886,Level3,silver,CA,FALSE,FALSE,NOT ELIGIBLE,NOT ELIGIBLE
Ford,Fusion,2014,33947,BEST,37357,Level4,silver,CA,FALSE,FALSE,NOT ELIGIBLE,NOT ELIGIBLE
Toyota,Altima,2017,34037,BEST,32689,Level4,white,NY,FALSE,FALSE,NOT ELIGIBLE,ELIGIBLE
Toyota,Cruze,2013,34051,BEST,28243,Level3,black,IL,FALSE,FALSE,NOT ELIGIBLE,ELIGIBLE
Ford,Camry,2018,34074,BEST,34333,Level4,silver,NY,FALSE,FALSE,NOT ELIGIBLE,NOT ELIGIBLE
Toyota,Camry,2010,34075,BEST,38020,Level4,black,TX,FALSE,FALSE,NOT ELIGIBLE,ELIGIBLE
Chevrolet,Fusion,2013,34137,BEST,10529,Level2,blue,NY,FALSE,FALSE,NOT ELIGIBLE,NOT ELIGIBLE
Ford,Cruze,2016,34172,BEST,46266,Level5,red,IL,TRUE,TRUE,ELIGIBLE,NOT ELIGIBLE
Toyota,Altima,2013,34269,BEST,14146,Level2,black,CA,FALSE,FALSE,NOT ELIGIBLE,ELIGIBLE
Nissan,Camry,2012,34280,BEST,48619,Level5,red,CA,TRUE,TRUE,ELIGIBLE,NOT ELIGIBLE
Ford,Camry,2017,34308,BEST,19112,Level2,white,IL,FALSE,FALSE,NOT ELIGIBLE,NOT ELIGIBLE
Honda,Cruze,2012,34351,BEST,17846,Level2,white,TX,FALSE,FALSE,NOT ELIGIBLE,NOT ELIGIBLE
Toyota,Cruze,2017,34432,BEST,35864,Level4,silver,IL,FALSE,FALSE,NOT ELIGIBLE,ELIGIBLE
Chevrolet,Accord,2015,34463,BEST,14014,Level2,silver,TX,FALSE,FALSE,NOT ELIGIBLE,NOT ELIGIBLE
Nissan,Altima,2011,34825,BEST,23254,Level3,white,TX,FALSE,FALSE,NOT ELIGIBLE,NOT ELIGIBLE
Toyota,Fusion,2014,34917,BEST,40133,Level5,black,FL,FALSE,TRUE,NOT ELIGIBLE,NOT ELIGIBLE
Nissan,Cruze,2010,35211,BEST,24221,Level3,blue,IL,FALSE,FALSE,NOT ELIGIBLE,NOT ELIGIBLE
Honda,Camry,2010,35263,BEST,27678,Level3,blue,IL,FALSE,FALSE,NOT ELIGIBLE,NOT ELIGIBLE
Honda,Accord,2018,35269,BEST,13976,Level2,white,TX,FALSE,FALSE,NOT ELIGIBLE,NOT ELIGIBLE
Nissan,Cruze,2018,35323,BEST,26984,Level3,white,TX,FALSE,FALSE,NOT ELIGIBLE,NOT ELIGIBLE
Honda,Accord,2016,35405,BEST,26922,Level3,white,IL,FALSE,FALSE,NOT ELIGIBLE,NOT ELIGIBLE
Chevrolet,Camry,2010,35552,BEST,33378,Level4,silver,TX,FALSE,FALSE,NOT ELIGIBLE,NOT ELIGIBLE
Nissan,Fusion,2016,35656,BEST,15820,Level2,black,CA,FALSE,FALSE,NOT ELIGIBLE,NOT ELIGIBLE
Honda,Accord,2013,35840,BEST,44838,Level5,silver,IL,FALSE,TRUE,NOT ELIGIBLE,NOT ELIGIBLE
Ford,Fusion,2013,35849,BEST,36146,Level4,red,IL,FALSE,FALSE,NOT ELIGIBLE,NOT ELIGIBLE
Toyota,Altima,2013,35962,BEST,21950,Level3,red,CA,FALSE,FALSE,NOT ELIGIBLE,ELIGIBLE
Ford,Fusion,2015,36358,BEST,40823,Level5,blue,NY,FALSE,TRUE,NOT ELIGIBLE,NOT ELIGIBLE
Honda,Fusion,2017,36557,BEST,26337,Level3,blue,FL,FALSE,FALSE,NOT ELIGIBLE,NOT ELIGIBLE
Chevrolet,Cruze,2018,36590,BEST,45805,Level5,white,CA,TRUE,TRUE,ELIGIBLE,NOT ELIGIBLE
Honda,Accord,2018,36610,BEST,24300,Level3,red,TX,FALSE,FALSE,NOT ELIGIBLE,NOT ELIGIBLE
Honda,Altima,2011,36640,BEST,41110,Level5,red,CA,FALSE,TRUE,NOT ELIGIBLE,NOT ELIGIBLE
Honda,Altima,2015,36692,BEST,19594,Level2,blue,FL,FALSE,FALSE,NOT ELIGIBLE,NOT ELIGIBLE
Chevrolet,Camry,2015,36888,BEST,16802,Level2,red,CA,FALSE,FALSE,NOT ELIGIBLE,NOT ELIGIBLE
Honda,Camry,2011,37028,BEST,11859,Level2,blue,CA,FALSE,FALSE,NOT ELIGIBLE,NOT ELIGIBLE
Nissan,Altima,2012,37108,BEST,11046,Level2,red,CA,FALSE,FALSE,NOT ELIGIBLE,NOT ELIGIBLE
Nissan,Cruze,2014,37344,BEST,35309,Level4,blue,NY,FALSE,FALSE,NOT ELIGIBLE,NOT ELIGIBLE
Honda,Accord,2010,37366,BEST,31932,Level4,blue,NY,FALSE,FALSE,NOT ELIGIBLE,NOT ELIGIBLE
Toyota,Cruze,2018,37635,BEST,29967,Level3,white,NY,FALSE,FALSE,NOT ELIGIBLE,ELIGIBLE
Honda,Fusion,2010,37641,BEST,31169,Level4,blue,FL,FALSE,FALSE,NOT ELIGIBLE,NOT ELIGIBLE
Honda,Accord,2013,37644,BEST,10692,Level2,black,FL,FALSE,FALSE,NOT ELIGIBLE,NOT ELIGIBLE
Nissan,Camry,2016,37740,BEST,19351,Level2,black,FL,FALSE,FALSE,NOT ELIGIBLE,NOT ELIGIBLE
Ford,Fusion,2017,37822,BEST,23085,Level3,black,TX,FALSE,FALSE,NOT ELIGIBLE,NOT ELIGIBLE
Honda,Cruze,2014,37873,BEST,46229,Level5,white,FL,TRUE,TRUE,ELIGIBLE,NOT ELIGIBLE
Toyota,Accord,2016,37974,BEST,31357,Level4,blue,FL,FALSE,FALSE,NOT ELIGIBLE,ELIGIBLE
Honda,Altima,2018,38019,BEST,16844,Level2,black,TX,FALSE,FALSE,NOT ELIGIBLE,NOT ELIGIBLE
Toyota,Accord,2012,38167,BEST,24342,Level3,white,CA,FALSE,FALSE,NOT ELIGIBLE,ELIGIBLE
Nissan,Fusion,2015,38358,BEST,46434,Level5,white,TX,TRUE,TRUE,ELIGIBLE,NOT ELIGIBLE
Toyota,Altima,2013,38723,BEST,39412,Level4,red,TX,FALSE,FALSE,NOT ELIGIBLE,ELIGIBLE
Chevrolet,Accord,2012,38744,BEST,10635,Level2,black,CA,FALSE,FALSE,NOT ELIGIBLE,NOT ELIGIBLE
Nissan,Cruze,2018,38769,BEST,36374,Level4,white,FL,FALSE,FALSE,NOT ELIGIBLE,NOT ELIGIBLE
Toyota,Cruze,2014,38847,BEST,49473,Level5,red,NY,TRUE,TRUE,ELIGIBLE,NOT ELIGIBLE
Honda,Accord,2014,38851,BEST,10247,Level2,blue,CA,FALSE,FALSE,NOT ELIGIBLE,NOT ELIGIBLE
Ford,Accord,2012,39083,BEST,19270,Level2,silver,IL,FALSE,FALSE,NOT ELIGIBLE,NOT ELIGIBLE
Toyota,Camry,2013,39088,BEST,20071,Level3,silver,FL,FALSE,FALSE,NOT ELIGIBLE,ELIGIBLE
Ford,Camry,2012,39212,BEST,25049,Level3,white,TX,FALSE,FALSE,NOT ELIGIBLE,NOT ELIGIBLE
Chevrolet,Cruze,2011,39503,BEST,21989,Level3,silver,IL,FALSE,FALSE,NOT ELIGIBLE,NOT ELIGIBLE
Toyota,Accord,2010,39521,BEST,19403,Level2,silver,NY,FALSE,FALSE,NOT ELIGIBLE,ELIGIBLE
Nissan,Altima,2015,39523,BEST,14722,Level2,white,NY,FALSE,FALSE,NOT ELIGIBLE,NOT ELIGIBLE
Toyota,Cruze,2013,39523,BEST,11628,Level2,black,NY,FALSE,FALSE,NOT ELIGIBLE,ELIGIBLE
Honda,Cruze,2010,39566,BEST,15363,Level2,black,CA,FALSE,FALSE,NOT ELIGIBLE,NOT ELIGIBLE
Ford,Fusion,2011,39573,BEST,13265,Level2,blue,IL,FALSE,FALSE,NOT ELIGIBLE,NOT ELIGIBLE
Ford,Altima,2015,39683,BEST,44269,Level5,black,FL,FALSE,TRUE,NOT ELIGIBLE,NOT ELIGIBLE
Toyota,Altima,2014,39789,BEST,23476,Level3,white,TX,FALSE,FALSE,NOT ELIGIBLE,ELIGIBLE
Ford,Cruze,2011,40179,Excellent,28301,Level3,red,CA,FALSE,FALSE,NOT ELIGIBLE,NOT ELIGIBLE
Honda,Altima,2014,40254,Excellent,34143,Level4,silver,FL,FALSE,FALSE,NOT ELIGIBLE,NOT ELIGIBLE
Ford,Camry,2014,40278,Excellent,12861,Level2,silver,CA,FALSE,FALSE,NOT ELIGIBLE,NOT ELIGIBLE
Ford,Altima,2015,40289,Excellent,15493,Level2,blue,CA,FALSE,FALSE,NOT ELIGIBLE,NOT ELIGIBLE
Nissan,Camry,2011,40408,Excellent,11022,Level2,silver,NY,FALSE,FALSE,NOT ELIGIBLE,NOT ELIGIBLE
Toyota,Fusion,2010,40619,Excellent,15103,Level2,silver,NY,FALSE,FALSE,NOT ELIGIBLE,ELIGIBLE
Nissan,Camry,2012,40801,Excellent,47770,Level5,black,NY,TRUE,TRUE,ELIGIBLE,NOT ELIGIBLE
Toyota,Cruze,2016,40834,Excellent,36477,Level4,blue,IL,FALSE,FALSE,NOT ELIGIBLE,ELIGIBLE
Honda,Accord,2015,40859,Excellent,29372,Level3,blue,NY,FALSE,FALSE,NOT ELIGIBLE,NOT ELIGIBLE
Toyota,Fusion,2017,40878,Excellent,45041,Level5,red,NY,TRUE,TRUE,ELIGIBLE,NOT ELIGIBLE
Toyota,Accord,2010,40888,Excellent,33332,Level4,silver,IL,FALSE,FALSE,NOT ELIGIBLE,ELIGIBLE
Nissan,Cruze,2018,40918,Excellent,33264,Level4,blue,TX,FALSE,FALSE,NOT ELIGIBLE,NOT ELIGIBLE
Ford,Fusion,2016,41013,Excellent,20559,Level3,silver,CA,FALSE,FALSE,NOT ELIGIBLE,NOT ELIGIBLE
Honda,Cruze,2013,41146,Excellent,27168,Level3,red,IL,FALSE,FALSE,NOT ELIGIBLE,NOT ELIGIBLE
Toyota,Camry,2016,41292,Excellent,25734,Level3,blue,FL,FALSE,FALSE,NOT ELIGIBLE,ELIGIBLE
Ford,Fusion,2018,41441,Excellent,26128,Level3,silver,FL,FALSE,FALSE,NOT ELIGIBLE,NOT ELIGIBLE
Ford,Accord,2017,41481,Excellent,25020,Level3,blue,IL,FALSE,FALSE,NOT ELIGIBLE,NOT ELIGIBLE
Honda,Cruze,2011,41943,Excellent,39729,Level4,black,CA,FALSE,FALSE,NOT ELIGIBLE,NOT ELIGIBLE
Toyota,Altima,2017,42031,Excellent,27236,Level3,blue,NY,FALSE,FALSE,NOT ELIGIBLE,ELIGIBLE
Ford,Altima,2013,42084,Excellent,24658,Level3,red,IL,FALSE,FALSE,NOT ELIGIBLE,NOT ELIGIBLE
Nissan,Altima,2017,42174,Excellent,30961,Level4,blue,CA,FALSE,FALSE,NOT ELIGIBLE,NOT ELIGIBLE
Nissan,Camry,2018,42181,Excellent,19643,Level2,silver,TX,FALSE,FALSE,NOT ELIGIBLE,NOT ELIGIBLE
Ford,Accord,2010,42228,Excellent,35497,Level4,black,CA,FALSE,FALSE,NOT ELIGIBLE,NOT ELIGIBLE
Nissan,Cruze,2017,42281,Excellent,38804,Level4,black,FL,FALSE,FALSE,NOT ELIGIBLE,NOT ELIGIBLE
Chevrolet,Accord,2010,42308,Excellent,19859,Level2,silver,IL,FALSE,FALSE,NOT ELIGIBLE,NOT ELIGIBLE
Honda,Fusion,2013,42349,Excellent,17475,Level2,black,IL,FALSE,FALSE,NOT ELIGIBLE,NOT ELIGIBLE
Chevrolet,Accord,2016,42425,Excellent,48936,Level5,blue,FL,TRUE,TRUE,ELIGIBLE,NOT ELIGIBLE
Nissan,Altima,2017,42568,Excellent,43324,Level5,black,TX,FALSE,TRUE,NOT ELIGIBLE,NOT ELIGIBLE
Honda,Accord,2011,42618,Excellent,15403,Level2,silver,NY,FALSE,FALSE,NOT ELIGIBLE,NOT ELIGIBLE
Honda,Camry,2017,42680,Excellent,30367,Level4,silver,FL,FALSE,FALSE,NOT ELIGIBLE,NOT ELIGIBLE
Toyota,Fusion,2010,42753,Excellent,20233,Level3,black,FL,FALSE,FALSE,NOT ELIGIBLE,ELIGIBLE
Toyota,Cruze,2013,42757,Excellent,38837,Level4,white,TX,FALSE,FALSE,NOT ELIGIBLE,ELIGIBLE
Nissan,Fusion,2017,42872,Excellent,12151,Level2,silver,FL,FALSE,FALSE,NOT ELIGIBLE,NOT ELIGIBLE
Nissan,Camry,2011,42937,Excellent,24725,Level3,silver,NY,FALSE,FALSE,NOT ELIGIBLE,NOT ELIGIBLE
Ford,Altima,2012,43003,Excellent,20362,Level3,white,TX,FALSE,FALSE,NOT ELIGIBLE,NOT ELIGIBLE
Toyota,Cruze,2018,43040,Excellent,15424,Level2,blue,CA,FALSE,FALSE,NOT ELIGIBLE,ELIGIBLE
Chevrolet,Accord,2013,43067,Excellent,18228,Level2,black,IL,FALSE,FALSE,NOT ELIGIBLE,NOT ELIGIBLE
Honda,Camry,2017,43095,Excellent,45353,Level5,silver,CA,TRUE,TRUE,ELIGIBLE,NOT ELIGIBLE
Ford,Fusion,2011,43104,Excellent,18993,Level2,black,CA,FALSE,FALSE,NOT ELIGIBLE,NOT ELIGIBLE
Chevrolet,Cruze,2012,43151,Excellent,12897,Level2,white,FL,FALSE,FALSE,NOT ELIGIBLE,NOT ELIGIBLE
Honda,Camry,2013,43259,Excellent,11786,Level2,red,FL,FALSE,FALSE,NOT ELIGIBLE,NOT ELIGIBLE
Nissan,Cruze,2017,43372,Excellent,17555,Level2,black,IL,FALSE,FALSE,NOT ELIGIBLE,NOT ELIGIBLE
Chevrolet,Camry,2012,43439,Excellent,46104,Level5,black,CA,TRUE,TRUE,ELIGIBLE,NOT ELIGIBLE
Honda,Altima,2010,43630,Excellent,11986,Level2,red,TX,FALSE,FALSE,NOT ELIGIBLE,NOT ELIGIBLE
Toyota,Accord,2012,43638,Excellent,47241,Level5,silver,TX,TRUE,TRUE,ELIGIBLE,NOT ELIGIBLE
Honda,Cruze,2013,43679,Excellent,41753,Level5,red,FL,FALSE,TRUE,NOT ELIGIBLE,NOT ELIGIBLE
Nissan,Fusion,2011,43679,Excellent,25434,Level3,black,CA,FALSE,FALSE,NOT ELIGIBLE,NOT ELIGIBLE
Nissan,Camry,2018,43681,Excellent,40150,Level5,silver,TX,FALSE,TRUE,NOT ELIGIBLE,NOT ELIGIBLE
Honda,Camry,2015,43742,Excellent,41587,Level5,silver,TX,FALSE,TRUE,NOT ELIGIBLE,NOT ELIGIBLE
Honda,Fusion,2014,43764,Excellent,34087,Level4,black,TX,FALSE,FALSE,NOT ELIGIBLE,NOT ELIGIBLE
Chevrolet,Cruze,2015,43842,Excellent,17690,Level2,blue,IL,FALSE,FALSE,NOT ELIGIBLE,NOT ELIGIBLE
Toyota,Altima,2018,44032,Excellent,22669,Level3,red,NY,FALSE,FALSE,NOT ELIGIBLE,ELIGIBLE
Ford,Camry,2013,44049,Excellent,47437,Level5,silver,CA,TRUE,TRUE,ELIGIBLE,NOT ELIGIBLE
Chevrolet,Altima,2014,44170,Excellent,24502,Level3,red,NY,FALSE,FALSE,NOT ELIGIBLE,NOT ELIGIBLE
Toyota,Cruze,2017,44337,Excellent,19280,Level2,black,TX,FALSE,FALSE,NOT ELIGIBLE,ELIGIBLE
Honda,Camry,2013,44379,Excellent,36515,Level4,red,NY,FALSE,FALSE,NOT ELIGIBLE,NOT ELIGIBLE
Chevrolet,Camry,2012,44400,Excellent,45962,Level5,white,TX,TRUE,TRUE,ELIGIBLE,NOT ELIGIBLE
Chevrolet,Camry,2011,44403,Excellent,32807,Level4,black,TX,FALSE,FALSE,NOT ELIGIBLE,NOT ELIGIBLE
Nissan,Fusion,2010,44589,Excellent,40205,Level5,red,TX,FALSE,TRUE,NOT ELIGIBLE,NOT ELIGIBLE
Nissan,Camry,2012,44599,Excellent,24656,Level3,red,NY,FALSE,FALSE,NOT ELIGIBLE,NOT ELIGIBLE
Toyota,Fusion,2014,44613,Excellent,48339,Level5,blue,FL,TRUE,TRUE,ELIGIBLE,NOT ELIGIBLE
Chevrolet,Cruze,2015,44669,Excellent,31552,Level4,blue,IL,FALSE,FALSE,NOT ELIGIBLE,NOT ELIGIBLE
Toyota,Camry,2014,44743,Excellent,35663,Level4,silver,FL,FALSE,FALSE,NOT ELIGIBLE,ELIGIBLE
Nissan,Cruze,2013,44792,Excellent,32496,Level4,white,CA,FALSE,FALSE,NOT ELIGIBLE,NOT ELIGIBLE
Honda,Fusion,2014,44794,Excellent,10135,Level2,white,NY,FALSE,FALSE,NOT ELIGIBLE,NOT ELIGIBLE
Nissan,Fusion,2017,44843,Excellent,14642,Level2,red,FL,FALSE,FALSE,NOT ELIGIBLE,NOT ELIGIBLE
Ford,Altima,2018,44878,Excellent,47356,Level5,black,IL,TRUE,TRUE,ELIGIBLE,NOT ELIGIBLE
Ford,Fusion,2014,45074,Excellent,23006,Level3,silver,CA,FALSE,FALSE,NOT ELIGIBLE,NOT ELIGIBLE
Nissan,Camry,2012,45104,Excellent,38794,Level4,white,TX,FALSE,FALSE,NOT ELIGIBLE,NOT ELIGIBLE
Chevrolet,Altima,2011,45148,Excellent,14041,Level2,silver,IL,FALSE,FALSE,NOT ELIGIBLE,NOT ELIGIBLE
Toyota,Cruze,2016,45157,Excellent,24604,Level3,blue,TX,FALSE,FALSE,NOT ELIGIBLE,ELIGIBLE
Ford,Fusion,2017,45278,Excellent,37901,Level4,red,NY,FALSE,FALSE,NOT ELIGIBLE,ELIGIBLE
Toyota,Camry,2010,45377,Excellent,47370,Level5,blue,IL,TRUE,TRUE,ELIGIBLE,NOT ELIGIBLE
Chevrolet,Accord,2013,45487,Excellent,46341,Level5,silver,CA,TRUE,TRUE,ELIGIBLE,NOT ELIGIBLE
Nissan,Camry,2015,45506,Excellent,19191,Level2,blue,NY,FALSE,FALSE,NOT ELIGIBLE,NOT ELIGIBLE
Nissan,Cruze,2016,45529,Excellent,46290,Level5,black,NY,TRUE,TRUE,ELIGIBLE,NOT ELIGIBLE
Toyota,Altima,2017,45588,Excellent,16357,Level2,red,CA,FALSE,FALSE,NOT ELIGIBLE,ELIGIBLE
Toyota,Accord,2015,45721,Excellent,31110,Level4,white,FL,FALSE,FALSE,NOT ELIGIBLE,ELIGIBLE
Nissan,Camry,2016,46099,Excellent,11584,Level2,blue,IL,FALSE,FALSE,NOT ELIGIBLE,NOT ELIGIBLE
Chevrolet,Altima,2010,46134,Excellent,44521,Level5,red,TX,FALSE,TRUE,NOT ELIGIBLE,ELIGIBLE
Nissan,Cruze,2013,46244,Excellent,26595,Level3,white,FL,FALSE,FALSE,NOT ELIGIBLE,NOT ELIGIBLE
Honda,Fusion,2013,46262,Excellent,44387,Level5,red,IL,FALSE,TRUE,NOT ELIGIBLE,ELIGIBLE
Toyota,Fusion,2011,46281,Excellent,45522,Level5,red,IL,TRUE,TRUE,ELIGIBLE,ELIGIBLE
Ford,Fusion,2014,46403,Excellent,38710,Level4,white,TX,FALSE,FALSE,NOT ELIGIBLE,NOT ELIGIBLE
Honda,Altima,2011,46570,Excellent,15269,Level2,silver,NY,FALSE,FALSE,NOT ELIGIBLE,NOT ELIGIBLE
Nissan,Altima,2018,46644,Excellent,41213,Level5,black,NY,FALSE,TRUE,NOT ELIGIBLE,NOT ELIGIBLE
Chevrolet,Cruze,2014,46647,Excellent,28525,Level3,red,NY,FALSE,FALSE,NOT ELIGIBLE,ELIGIBLE
Toyota,Fusion,2013,46763,Excellent,43572,Level5,blue,NY,FALSE,TRUE,NOT ELIGIBLE,NOT ELIGIBLE
Honda,Cruze,2015,46781,Excellent,10972,Level2,silver,CA,FALSE,FALSE,NOT ELIGIBLE,NOT ELIGIBLE
Ford,Cruze,2016,46844,Excellent,42021,Level5,black,CA,FALSE,TRUE,NOT ELIGIBLE,NOT ELIGIBLE
Nissan,Accord,2016,47031,Excellent,29601,Level3,red,FL,FALSE,FALSE,NOT ELIGIBLE,ELIGIBLE
Ford,Fusion,2011,47124,Excellent,30257,Level4,black,TX,FALSE,FALSE,NOT ELIGIBLE,NOT ELIGIBLE
Toyota,Altima,2010,47125,Excellent,17037,Level2,silver,FL,FALSE,FALSE,NOT ELIGIBLE,ELIGIBLE
Nissan,Cruze,2011,47165,Excellent,14283,Level2,white,FL,FALSE,FALSE,NOT ELIGIBLE,NOT ELIGIBLE
Chevrolet,Accord,2018,47264,Excellent,12039,Level2,red,CA,FALSE,FALSE,NOT ELIGIBLE,ELIGIBLE
Nissan,Cruze,2018,47336,Excellent,11769,Level2,black,TX,FALSE,FALSE,NOT ELIGIBLE,NOT ELIGIBLE
Ford,Camry,2010,47454,Excellent,21131,Level3,blue,TX,FALSE,FALSE,NOT ELIGIBLE,NOT ELIGIBLE
Toyota,Fusion,2010,47494,Excellent,18680,Level2,blue,FL,FALSE,FALSE,NOT ELIGIBLE,ELIGIBLE
Toyota,Camry,2012,47575,Excellent,40248,Level5,silver,TX,FALSE,TRUE,NOT ELIGIBLE,NOT ELIGIBLE
Chevrolet,Accord,2014,47978,Excellent,20689,Level3,red,FL,FALSE,FALSE,NOT ELIGIBLE,ELIGIBLE
Ford,Accord,2011,48039,Excellent,43219,Level5,white,TX,FALSE,TRUE,NOT ELIGIBLE,NOT ELIGIBLE
Honda,Cruze,2011,48055,Excellent,12302,Level2,white,NY,FALSE,FALSE,NOT ELIGIBLE,NOT ELIGIBLE
Ford,Cruze,2011,48131,Excellent,30325,Level4,silver,IL,FALSE,FALSE,NOT ELIGIBLE,NOT ELIGIBLE
Nissan,Altima,2014,48184,Excellent,26173,Level3,red,TX,FALSE,FALSE,NOT ELIGIBLE,ELIGIBLE
Nissan,Camry,2011,48230,Excellent,30697,Level4,silver,CA,FALSE,FALSE,NOT ELIGIBLE,NOT ELIGIBLE
Chevrolet,Accord,2013,48418,Excellent,47104,Level5,blue,CA,TRUE,TRUE,ELIGIBLE,NOT ELIGIBLE
Chevrolet,Camry,2012,48518,Excellent,39646,Level4,red,NY,FALSE,FALSE,NOT ELIGIBLE,ELIGIBLE
Chevrolet,Altima,2012,48614,Excellent,20475,Level3,blue,NY,FALSE,FALSE,NOT ELIGIBLE,NOT ELIGIBLE
Ford,Altima,2017,48626,Excellent,17012,Level2,blue,TX,FALSE,FALSE,NOT ELIGIBLE,NOT ELIGIBLE
Ford,Camry,2012,48770,Excellent,13418,Level2,silver,NY,FALSE,FALSE,NOT ELIGIBLE,NOT ELIGIBLE
Chevrolet,Fusion,2018,48959,Excellent,22883,Level3,black,IL,FALSE,FALSE,NOT ELIGIBLE,NOT ELIGIBLE
Nissan,Camry,2016,49003,Excellent,40439,Level5,white,CA,FALSE,TRUE,NOT ELIGIBLE,NOT ELIGIBLE
Chevrolet,Cruze,2012,49033,Excellent,32056,Level4,silver,CA,FALSE,FALSE,NOT ELIGIBLE,NOT ELIGIBLE
Chevrolet,Fusion,2013,49065,Excellent,36333,Level4,blue,TX,FALSE,FALSE,NOT ELIGIBLE,NOT ELIGIBLE
Chevrolet,Accord,2016,49073,Excellent,38391,Level4,red,TX,FALSE,FALSE,NOT ELIGIBLE,ELIGIBLE
Ford,Camry,2017,49078,Excellent,41125,Level5,silver,IL,FALSE,TRUE,NOT ELIGIBLE,NOT ELIGIBLE
Honda,Camry,2010,49124,Excellent,35758,Level4,red,CA,FALSE,FALSE,NOT ELIGIBLE,ELIGIBLE
Toyota,Accord,2013,49126,Excellent,11253,Level2,white,NY,FALSE,FALSE,NOT ELIGIBLE,ELIGIBLE
Nissan,Cruze,2018,49145,Excellent,38511,Level4,black,FL,FALSE,FALSE,NOT ELIGIBLE,NOT ELIGIBLE
Toyota,Fusion,2013,49171,Excellent,32389,Level4,silver,IL,FALSE,FALSE,NOT ELIGIBLE,ELIGIBLE
Nissan,Accord,2017,49179,Excellent,26304,Level3,red,NY,FALSE,FALSE,NOT ELIGIBLE,ELIGIBLE
Ford,Cruze,2010,49268,Excellent,15274,Level2,blue,NY,FALSE,FALSE,NOT ELIGIBLE,NOT ELIGIBLE
Toyota,Accord,2016,49318,Excellent,40180,Level5,silver,FL,FALSE,TRUE,NOT ELIGIBLE,NOT ELIGIBLE
Honda,Camry,2015,49429,Excellent,16017,Level2,white,CA,FALSE,FALSE,NOT ELIGIBLE,NOT ELIGIBLE
Honda,Accord,2010,49497,Excellent,14358,Level2,black,IL,FALSE,FALSE,NOT ELIGIBLE,NOT ELIGIBLE
Chevrolet,Camry,2015,49539,Excellent,20015,Level3,silver,CA,FALSE,FALSE,NOT ELIGIBLE,NOT ELIGIBLE
Nissan,Cruze,2011,49648,Excellent,19015,Level2,blue,TX,FALSE,FALSE,NOT ELIGIBLE,NOT ELIGIBLE
Chevrolet,Fusion,2015,49809,Excellent,43731,Level5,blue,CA,FALSE,TRUE,NOT ELIGIBLE,NOT ELIGIBLE
Honda,Camry,2012,49823,Excellent,25509,Level3,black,NY,FALSE,FALSE,NOT ELIGIBLE,NOT ELIGIBLE
Ford,Altima,2011,49827,Excellent,49768,Level5,blue,FL,TRUE,TRUE,ELIGIBLE,NOT ELIGIBLE
Ford,Cruze,2016,49853,Excellent,39324,Level4,red,FL,FALSE,FALSE,NOT ELIGIBLE,ELIGIBLE
Nissan,Altima,2011,49996,Excellent,39766,Level4,red,FL,FALSE,FALSE,NOT ELIGIBLE,ELIGIBLE
Ford,Fusion,2012,50011,Excellent,37071,Level4,black,TX,FALSE,FALSE,NOT ELIGIBLE,NOT ELIGIBLE
Ford,Fusion,2017,50245,Excellent,34740,Level4,white,IL,FALSE,FALSE,NOT ELIGIBLE,NOT ELIGIBLE
Toyota,Fusion,2010,50375,Excellent,13699,Level2,silver,TX,FALSE,FALSE,NOT ELIGIBLE,ELIGIBLE
Ford,Altima,2018,50612,Excellent,36340,Level4,red,IL,FALSE,FALSE,NOT ELIGIBLE,ELIGIBLE
Chevrolet,Camry,2010,50680,Excellent,33586,Level4,black,FL,FALSE,FALSE,NOT ELIGIBLE,NOT ELIGIBLE
Toyota,Cruze,2014,50685,Excellent,14998,Level2,white,TX,FALSE,FALSE,NOT ELIGIBLE,ELIGIBLE
Nissan,Fusion,2013,50823,Excellent,34125,Level4,blue,TX,FALSE,FALSE,NOT ELIGIBLE,NOT ELIGIBLE
Honda,Fusion,2015,50841,Excellent,14419,Level2,silver,NY,FALSE,FALSE,NOT ELIGIBLE,NOT ELIGIBLE
Nissan,Accord,2010,50864,Excellent,18864,Level2,white,TX,FALSE,FALSE,NOT ELIGIBLE,NOT ELIGIBLE
Ford,Altima,2013,50918,Excellent,13274,Level2,white,FL,FALSE,FALSE,NOT ELIGIBLE,NOT ELIGIBLE
Honda,Altima,2018,51026,Excellent,29581,Level3,white,FL,FALSE,FALSE,NOT ELIGIBLE,NOT ELIGIBLE
Toyota,Cruze,2010,51063,Excellent,45388,Level5,blue,TX,TRUE,TRUE,ELIGIBLE,NOT ELIGIBLE
Honda,Camry,2013,51233,Excellent,38750,Level4,blue,NY,FALSE,FALSE,NOT ELIGIBLE,NOT ELIGIBLE
Nissan,Fusion,2010,51267,Excellent,39099,Level4,white,CA,FALSE,FALSE,NOT ELIGIBLE,NOT ELIGIBLE
Ford,Fusion,2011,51299,Excellent,27363,Level3,white,IL,FALSE,FALSE,NOT ELIGIBLE,NOT ELIGIBLE
Honda,Accord,2011,51305,Excellent,27601,Level3,red,FL,FALSE,FALSE,NOT ELIGIBLE,ELIGIBLE
Nissan,Altima,2014,51404,Excellent,29361,Level3,red,FL,FALSE,FALSE,NOT ELIGIBLE,ELIGIBLE
Honda,Cruze,2011,51408,Excellent,46098,Level5,silver,CA,TRUE,TRUE,ELIGIBLE,NOT ELIGIBLE
Chevrolet,Accord,2016,51501,Excellent,10243,Level2,blue,IL,FALSE,FALSE,NOT ELIGIBLE,NOT ELIGIBLE
Honda,Altima,2017,51565,Excellent,27113,Level3,black,FL,FALSE,FALSE,NOT ELIGIBLE,NOT ELIGIBLE
Nissan,Fusion,2014,51588,Excellent,26237,Level3,blue,NY,FALSE,FALSE,NOT ELIGIBLE,NOT ELIGIBLE
Toyota,Camry,2010,51751,Excellent,15292,Level2,black,FL,FALSE,FALSE,NOT ELIGIBLE,ELIGIBLE
Chevrolet,Accord,2015,51768,Excellent,49464,Level5,black,IL,TRUE,TRUE,ELIGIBLE,NOT ELIGIBLE
Chevrolet,Altima,2015,51912,Excellent,30350,Level4,red,NY,FALSE,FALSE,NOT ELIGIBLE,ELIGIBLE
Nissan,Camry,2010,51919,Excellent,26145,Level3,white,NY,FALSE,FALSE,NOT ELIGIBLE,NOT ELIGIBLE
Chevrolet,Altima,2010,51939,Excellent,43023,Level5,silver,FL,FALSE,TRUE,NOT ELIGIBLE,NOT ELIGIBLE
Chevrolet,Fusion,2017,51955,Excellent,25884,Level3,white,IL,FALSE,FALSE,NOT ELIGIBLE,NOT ELIGIBLE
Honda,Fusion,2014,51983,Excellent,22739,Level3,red,CA,FALSE,FALSE,NOT ELIGIBLE,ELIGIBLE
Nissan,Accord,2010,52060,Excellent,12262,Level2,black,IL,FALSE,FALSE,NOT ELIGIBLE,NOT ELIGIBLE
Honda,Altima,2013,52329,Excellent,41088,Level5,silver,TX,FALSE,TRUE,NOT ELIGIBLE,NOT ELIGIBLE
Toyota,Fusion,2013,52368,Excellent,37960,Level4,silver,FL,FALSE,FALSE,NOT ELIGIBLE,ELIGIBLE
Nissan,Cruze,2015,52492,Excellent,31701,Level4,white,TX,FALSE,FALSE,NOT ELIGIBLE,NOT ELIGIBLE
Nissan,Camry,2017,52698,Excellent,40546,Level5,white,NY,FALSE,TRUE,NOT ELIGIBLE,NOT ELIGIBLE
Honda,Accord,2012,52836,Excellent,30182,Level4,white,NY,FALSE,FALSE,NOT ELIGIBLE,NOT ELIGIBLE
Nissan,Fusion,2011,52880,Excellent,17117,Level2,white,CA,FALSE,FALSE,NOT ELIGIBLE,NOT ELIGIBLE
Nissan,Fusion,2017,52939,Excellent,37724,Level4,blue,NY,FALSE,FALSE,NOT ELIGIBLE,NOT ELIGIBLE
Nissan,Cruze,2017,52959,Excellent,36238,Level4,white,FL,FALSE,FALSE,NOT ELIGIBLE,NOT ELIGIBLE
Honda,Altima,2010,52992,Excellent,24049,Level3,red,FL,FALSE,FALSE,NOT ELIGIBLE,ELIGIBLE
Nissan,Camry,2010,53007,Excellent,31438,Level4,red,NY,FALSE,FALSE,NOT ELIGIBLE,ELIGIBLE
Chevrolet,Altima,2016,53028,Excellent,42945,Level5,blue,TX,FALSE,TRUE,NOT ELIGIBLE,NOT ELIGIBLE
Toyota,Cruze,2017,53073,Excellent,37143,Level4,blue,CA,FALSE,FALSE,NOT ELIGIBLE,ELIGIBLE
Toyota,Cruze,2010,53089,Excellent,37810,Level4,black,CA,FALSE,FALSE,NOT ELIGIBLE,ELIGIBLE
Honda,Accord,2012,53192,Excellent,44222,Level5,red,TX,FALSE,TRUE,NOT ELIGIBLE,ELIGIBLE
Chevrolet,Fusion,2012,53227,Excellent,46923,Level5,white,TX,TRUE,TRUE,ELIGIBLE,NOT ELIGIBLE
Ford,Fusion,2014,53501,Excellent,42544,Level5,white,FL,FALSE,TRUE,NOT ELIGIBLE,NOT ELIGIBLE
Ford,Fusion,2017,53608,Excellent,21924,Level3,black,NY,FALSE,FALSE,NOT ELIGIBLE,NOT ELIGIBLE
Ford,Accord,2015,53918,Excellent,47521,Level5,white,FL,TRUE,TRUE,ELIGIBLE,NOT ELIGIBLE
Toyota,Camry,2012,54148,Excellent,33137,Level4,red,CA,FALSE,FALSE,NOT ELIGIBLE,ELIGIBLE
Toyota,Accord,2012,54253,Excellent,14085,Level2,silver,TX,FALSE,FALSE,NOT ELIGIBLE,ELIGIBLE
Honda,Accord,2017,54386,Excellent,12271,Level2,silver,TX,FALSE,FALSE,NOT ELIGIBLE,NOT ELIGIBLE
Toyota,Fusion,2014,54387,Excellent,39628,Level4,silver,CA,FALSE,FALSE,NOT ELIGIBLE,ELIGIBLE
Chevrolet,Altima,2015,54401,Excellent,37659,Level4,silver,TX,FALSE,FALSE,NOT ELIGIBLE,NOT ELIGIBLE
Nissan,Camry,2016,54426,Excellent,31780,Level4,red,IL,FALSE,FALSE,NOT ELIGIBLE,ELIGIBLE
Chevrolet,Cruze,2018,54648,Excellent,41086,Level5,white,TX,FALSE,TRUE,NOT ELIGIBLE,NOT ELIGIBLE
Honda,Cruze,2018,54761,Excellent,29466,Level3,red,FL,FALSE,FALSE,NOT ELIGIBLE,ELIGIBLE
Honda,Cruze,2016,54801,Excellent,17990,Level2,silver,FL,FALSE,FALSE,NOT ELIGIBLE,NOT ELIGIBLE
Nissan,Camry,2011,54811,Excellent,10188,Level2,black,TX,FALSE,FALSE,NOT ELIGIBLE,NOT ELIGIBLE
Chevrolet,Cruze,2010,54916,Excellent,19781,Level2,red,FL,FALSE,FALSE,NOT ELIGIBLE,ELIGIBLE
Ford,Altima,2011,55029,Excellent,40237,Level5,red,FL,FALSE,TRUE,NOT ELIGIBLE,ELIGIBLE
Toyota,Fusion,2017,55039,Excellent,21604,Level3,black,NY,FALSE,FALSE,NOT ELIGIBLE,ELIGIBLE
Ford,Accord,2011,55080,Excellent,18482,Level2,blue,TX,FALSE,FALSE,NOT ELIGIBLE,NOT ELIGIBLE
Nissan,Cruze,2015,55094,Excellent,41268,Level5,black,IL,FALSE,TRUE,NOT ELIGIBLE,NOT ELIGIBLE
Toyota,Cruze,2015,55104,Excellent,28912,Level3,blue,TX,FALSE,FALSE,NOT ELIGIBLE,ELIGIBLE
Honda,Camry,2014,55340,Excellent,29126,Level3,red,TX,FALSE,FALSE,NOT ELIGIBLE,ELIGIBLE
Honda,Fusion,2014,55370,Excellent,23514,Level3,white,CA,FALSE,FALSE,NOT ELIGIBLE,NOT ELIGIBLE
Ford,Camry,2015,55383,Excellent,32032,Level4,red,TX,FALSE,FALSE,NOT ELIGIBLE,ELIGIBLE
Chevrolet,Cruze,2017,55406,Excellent,28971,Level3,silver,FL,FALSE,FALSE,NOT ELIGIBLE,NOT ELIGIBLE
Nissan,Fusion,2018,55439,Excellent,26857,Level3,black,NY,FALSE,FALSE,NOT ELIGIBLE,NOT ELIGIBLE
Honda,Fusion,2016,55635,Excellent,15289,Level2,silver,CA,FALSE,FALSE,NOT ELIGIBLE,NOT ELIGIBLE
Chevrolet,Accord,2010,55674,Excellent,19455,Level2,white,IL,FALSE,FALSE,NOT ELIGIBLE,NOT ELIGIBLE
Chevrolet,Altima,2015,55710,Excellent,40666,Level5,red,IL,FALSE,TRUE,NOT ELIGIBLE,ELIGIBLE
Honda,Camry,2011,55769,Excellent,19553,Level2,silver,CA,FALSE,FALSE,NOT ELIGIBLE,NOT ELIGIBLE
Chevrolet,Accord,2018,55787,Excellent,12249,Level2,silver,NY,FALSE,FALSE,NOT ELIGIBLE,NOT ELIGIBLE
Toyota,Cruze,2018,55906,Excellent,27032,Level3,red,TX,FALSE,FALSE,NOT ELIGIBLE,ELIGIBLE
Ford,Camry,2015,56036,Excellent,41239,Level5,red,CA,FALSE,TRUE,NOT ELIGIBLE,ELIGIBLE
Nissan,Accord,2017,56042,Excellent,25695,Level3,silver,CA,FALSE,FALSE,NOT ELIGIBLE,NOT ELIGIBLE
Honda,Fusion,2010,56055,Excellent,49053,Level5,black,TX,TRUE,TRUE,ELIGIBLE,NOT ELIGIBLE
Ford,Fusion,2011,56074,Excellent,43061,Level5,white,IL,FALSE,TRUE,NOT ELIGIBLE,NOT ELIGIBLE
Ford,Camry,2017,56198,Excellent,29246,Level3,black,NY,FALSE,FALSE,NOT ELIGIBLE,NOT ELIGIBLE
Chevrolet,Cruze,2018,56361,Excellent,14539,Level2,black,TX,FALSE,FALSE,NOT ELIGIBLE,NOT ELIGIBLE
Toyota,Fusion,2011,56794,Excellent,15995,Level2,blue,NY,FALSE,FALSE,NOT ELIGIBLE,ELIGIBLE
Nissan,Fusion,2018,57005,Excellent,10631,Level2,red,CA,FALSE,FALSE,NOT ELIGIBLE,ELIGIBLE
Nissan,Altima,2016,57066,Excellent,19783,Level2,blue,NY,FALSE,FALSE,NOT ELIGIBLE,NOT ELIGIBLE
Nissan,Accord,2016,57259,Excellent,22826,Level3,red,CA,FALSE,FALSE,NOT ELIGIBLE,ELIGIBLE
Nissan,Camry,2012,57277,Excellent,44466,Level5,black,FL,FALSE,TRUE,NOT ELIGIBLE,NOT ELIGIBLE
Ford,Accord,2015,57307,Excellent,22564,Level3,silver,FL,FALSE,FALSE,NOT ELIGIBLE,NOT ELIGIBLE
Chevrolet,Accord,2011,57496,Excellent,33795,Level4,white,IL,FALSE,FALSE,NOT ELIGIBLE,NOT ELIGIBLE
Nissan,Altima,2016,57621,Excellent,16871,Level2,black,IL,FALSE,FALSE,NOT ELIGIBLE,NOT ELIGIBLE
Ford,Camry,2010,57651,Excellent,32950,Level4,black,CA,FALSE,FALSE,NOT ELIGIBLE,NOT ELIGIBLE
Chevrolet,Camry,2013,57696,Excellent,12180,Level2,red,FL,FALSE,FALSE,NOT ELIGIBLE,ELIGIBLE
Ford,Altima,2010,57712,Excellent,40595,Level5,white,NY,FALSE,TRUE,NOT ELIGIBLE,NOT ELIGIBLE
Nissan,Fusion,2015,57771,Excellent,49190,Level5,white,CA,TRUE,TRUE,ELIGIBLE,NOT ELIGIBLE
Nissan,Fusion,2011,57775,Excellent,44160,Level5,white,IL,FALSE,TRUE,NOT ELIGIBLE,NOT ELIGIBLE
Honda,Altima,2014,57836,Excellent,34040,Level4,black,CA,FALSE,FALSE,NOT ELIGIBLE,NOT ELIGIBLE
Chevrolet,Cruze,2012,57851,Excellent,12957,Level2,red,NY,FALSE,FALSE,NOT ELIGIBLE,ELIGIBLE
Nissan,Cruze,2012,57955,Excellent,41278,Level5,blue,IL,FALSE,TRUE,NOT ELIGIBLE,NOT ELIGIBLE
Nissan,Cruze,2013,58006,Excellent,26557,Level3,silver,TX,FALSE,FALSE,NOT ELIGIBLE,NOT ELIGIBLE
Ford,Cruze,2017,58032,Excellent,33236,Level4,white,CA,FALSE,FALSE,NOT ELIGIBLE,NOT ELIGIBLE
Honda,Cruze,2017,58173,Excellent,36523,Level4,white,CA,FALSE,FALSE,NOT ELIGIBLE,NOT ELIGIBLE
Honda,Fusion,2014,58183,Excellent,12447,Level2,white,NY,FALSE,FALSE,NOT ELIGIBLE,NOT ELIGIBLE
Chevrolet,Fusion,2010,58245,Excellent,33985,Level4,blue,CA,FALSE,FALSE,NOT ELIGIBLE,NOT ELIGIBLE
Chevrolet,Altima,2017,58324,Excellent,26135,Level3,white,IL,FALSE,FALSE,NOT ELIGIBLE,NOT ELIGIBLE
Chevrolet,Altima,2013,58420,Excellent,28036,Level3,blue,NY,FALSE,FALSE,NOT ELIGIBLE,NOT ELIGIBLE
Nissan,Cruze,2013,58468,Excellent,17700,Level2,black,FL,FALSE,FALSE,NOT ELIGIBLE,NOT ELIGIBLE
Toyota,Accord,2011,58468,Excellent,14328,Level2,silver,CA,FALSE,FALSE,NOT ELIGIBLE,ELIGIBLE
Nissan,Cruze,2018,58480,Excellent,32515,Level4,silver,NY,FALSE,FALSE,NOT ELIGIBLE,NOT ELIGIBLE
Nissan,Cruze,2012,58496,Excellent,31589,Level4,red,IL,FALSE,FALSE,NOT ELIGIBLE,ELIGIBLE
Honda,Accord,2017,58552,Excellent,29308,Level3,black,CA,FALSE,FALSE,NOT ELIGIBLE,NOT ELIGIBLE
Nissan,Camry,2014,58569,Excellent,36427,Level4,black,CA,FALSE,FALSE,NOT ELIGIBLE,NOT ELIGIBLE
Nissan,Altima,2011,58609,Excellent,40758,Level5,silver,TX,FALSE,TRUE,NOT ELIGIBLE,NOT ELIGIBLE
Nissan,Altima,2010,58683,Excellent,19672,Level2,red,CA,FALSE,FALSE,NOT ELIGIBLE,ELIGIBLE
Ford,Altima,2013,58884,Excellent,46446,Level5,red,NY,TRUE,TRUE,ELIGIBLE,ELIGIBLE
Ford,Camry,2016,58967,Excellent,33328,Level4,white,CA,FALSE,FALSE,NOT ELIGIBLE,NOT ELIGIBLE
Honda,Fusion,2016,59068,Excellent,14314,Level2,red,NY,FALSE,FALSE,NOT ELIGIBLE,ELIGIBLE
Toyota,Camry,2012,59101,Excellent,28453,Level3,red,TX,FALSE,FALSE,NOT ELIGIBLE,ELIGIBLE
Toyota,Cruze,2010,59107,Excellent,42947,Level5,red,FL,FALSE,TRUE,NOT ELIGIBLE,ELIGIBLE
Ford,Accord,2014,59214,Excellent,35763,Level4,silver,IL,FALSE,FALSE,NOT ELIGIBLE,NOT ELIGIBLE
Toyota,Camry,2016,59216,Excellent,48353,Level5,blue,TX,TRUE,TRUE,ELIGIBLE,NOT ELIGIBLE
Ford,Cruze,2012,59443,Excellent,42159,Level5,silver,FL,FALSE,TRUE,NOT ELIGIBLE,NOT ELIGIBLE
Toyota,Altima,2016,59513,Excellent,13817,Level2,silver,TX,FALSE,FALSE,NOT ELIGIBLE,ELIGIBLE
Ford,Accord,2011,59557,Excellent,37009,Level4,blue,CA,FALSE,FALSE,NOT ELIGIBLE,NOT ELIGIBLE
Nissan,Cruze,2012,59585,Excellent,30097,Level4,white,CA,FALSE,FALSE,NOT ELIGIBLE,NOT ELIGIBLE
Chevrolet,Cruze,2013,59673,Excellent,12425,Level2,white,IL,FALSE,FALSE,NOT ELIGIBLE,NOT ELIGIBLE
Honda,Fusion,2010,59729,Excellent,38162,Level4,black,NY,FALSE,FALSE,NOT ELIGIBLE,NOT ELIGIBLE
Chevrolet,Fusion,2016,59786,Excellent,22012,Level3,red,FL,FALSE,FALSE,NOT ELIGIBLE,ELIGIBLE
Toyota,Accord,2010,59813,Excellent,17062,Level2,blue,TX,FALSE,FALSE,NOT ELIGIBLE,ELIGIBLE
Chevrolet,Accord,2011,60134,Excellent,36536,Level4,silver,IL,FALSE,FALSE,NOT ELIGIBLE,NOT ELIGIBLE
Chevrolet,Cruze,2018,60286,Excellent,30419,Level4,red,TX,FALSE,FALSE,NOT ELIGIBLE,ELIGIBLE
Ford,Accord,2018,60310,Excellent,36705,Level4,black,IL,FALSE,FALSE,NOT ELIGIBLE,NOT ELIGIBLE
Ford,Fusion,2014,60439,Excellent,42147,Level5,white,CA,FALSE,TRUE,NOT ELIGIBLE,NOT ELIGIBLE
Ford,Camry,2014,60472,Excellent,23797,Level3,blue,NY,FALSE,FALSE,NOT ELIGIBLE,NOT ELIGIBLE
Nissan,Camry,2014,60612,Excellent,27264,Level3,silver,CA,FALSE,FALSE,NOT ELIGIBLE,NOT ELIGIBLE
Chevrolet,Accord,2011,60630,Excellent,18043,Level2,blue,CA,FALSE,FALSE,NOT ELIGIBLE,NOT ELIGIBLE
Ford,Camry,2012,60679,Excellent,39285,Level4,red,IL,FALSE,FALSE,NOT ELIGIBLE,ELIGIBLE
Honda,Camry,2018,60743,Excellent,40380,Level5,blue,TX,FALSE,TRUE,NOT ELIGIBLE,NOT ELIGIBLE
Toyota,Fusion,2017,60814,Excellent,18831,Level2,red,FL,FALSE,FALSE,NOT ELIGIBLE,ELIGIBLE
Toyota,Accord,2013,60891,Excellent,41957,Level5,silver,NY,FALSE,TRUE,NOT ELIGIBLE,NOT ELIGIBLE
Ford,Fusion,2018,60892,Excellent,48490,Level5,black,TX,TRUE,TRUE,ELIGIBLE,NOT ELIGIBLE
Chevrolet,Altima,2010,60958,Excellent,46759,Level5,red,TX,TRUE,TRUE,ELIGIBLE,ELIGIBLE
Toyota,Fusion,2015,61145,Excellent,35547,Level4,black,TX,FALSE,FALSE,NOT ELIGIBLE,ELIGIBLE
Chevrolet,Accord,2018,61324,Excellent,47640,Level5,white,TX,TRUE,TRUE,ELIGIBLE,NOT ELIGIBLE
Nissan,Accord,2010,61441,Excellent,30044,Level4,red,CA,FALSE,FALSE,NOT ELIGIBLE,ELIGIBLE
Ford,Accord,2012,61476,Excellent,14076,Level2,red,FL,FALSE,FALSE,NOT ELIGIBLE,ELIGIBLE
Nissan,Camry,2011,61562,Excellent,38042,Level4,red,FL,FALSE,FALSE,NOT ELIGIBLE,ELIGIBLE
Chevrolet,Cruze,2013,61729,Excellent,17964,Level2,black,NY,FALSE,FALSE,NOT ELIGIBLE,NOT ELIGIBLE
Honda,Cruze,2012,61842,Excellent,33361,Level4,red,TX,FALSE,FALSE,NOT ELIGIBLE,ELIGIBLE
Chevrolet,Fusion,2017,61942,Excellent,25671,Level3,white,FL,FALSE,FALSE,NOT ELIGIBLE,NOT ELIGIBLE
Toyota,Altima,2014,62073,Excellent,19027,Level2,blue,CA,FALSE,FALSE,NOT ELIGIBLE,ELIGIBLE
Toyota,Camry,2017,62079,Excellent,19363,Level2,red,NY,FALSE,FALSE,NOT ELIGIBLE,ELIGIBLE
Toyota,Altima,2018,62119,Excellent,42575,Level5,blue,NY,FALSE,TRUE,NOT ELIGIBLE,NOT ELIGIBLE
Honda,Cruze,2013,62284,Excellent,14828,Level2,silver,TX,FALSE,FALSE,NOT ELIGIBLE,NOT ELIGIBLE
Chevrolet,Accord,2011,62369,Excellent,49045,Level5,blue,CA,TRUE,TRUE,ELIGIBLE,NOT ELIGIBLE
Nissan,Accord,2017,62439,Excellent,19660,Level2,white,CA,FALSE,FALSE,NOT ELIGIBLE,NOT ELIGIBLE
Ford,Accord,2017,62502,Excellent,37333,Level4,black,FL,FALSE,FALSE,NOT ELIGIBLE,NOT ELIGIBLE
Chevrolet,Fusion,2013,62536,Excellent,40359,Level5,blue,IL,FALSE,TRUE,NOT ELIGIBLE,NOT ELIGIBLE
Ford,Camry,2015,62543,Excellent,41175,Level5,blue,FL,FALSE,TRUE,NOT ELIGIBLE,NOT ELIGIBLE
Chevrolet,Altima,2015,62638,Excellent,46267,Level5,red,NY,TRUE,TRUE,ELIGIBLE,ELIGIBLE
Toyota,Accord,2012,62878,Excellent,48888,Level5,silver,FL,TRUE,TRUE,ELIGIBLE,NOT ELIGIBLE
Ford,Accord,2011,62908,Excellent,30435,Level4,black,CA,FALSE,FALSE,NOT ELIGIBLE,NOT ELIGIBLE
Nissan,Fusion,2010,62980,Excellent,39974,Level4,red,TX,FALSE,FALSE,NOT ELIGIBLE,ELIGIBLE
Toyota,Altima,2011,63049,Excellent,33584,Level4,blue,NY,FALSE,FALSE,NOT ELIGIBLE,ELIGIBLE
Toyota,Accord,2010,63073,Excellent,36722,Level4,black,IL,FALSE,FALSE,NOT ELIGIBLE,ELIGIBLE
Toyota,Accord,2012,63127,Excellent,23615,Level3,red,IL,FALSE,FALSE,NOT ELIGIBLE,ELIGIBLE
Chevrolet,Cruze,2015,63258,Excellent,47168,Level5,black,CA,TRUE,TRUE,ELIGIBLE,NOT ELIGIBLE
Nissan,Accord,2014,63271,Excellent,20427,Level3,red,CA,FALSE,FALSE,NOT ELIGIBLE,ELIGIBLE
Ford,Fusion,2012,63400,Excellent,44163,Level5,white,TX,FALSE,TRUE,NOT ELIGIBLE,NOT ELIGIBLE
Honda,Fusion,2011,63467,Excellent,41502,Level5,red,TX,FALSE,TRUE,NOT ELIGIBLE,ELIGIBLE
Honda,Cruze,2015,63494,Excellent,30652,Level4,white,FL,FALSE,FALSE,NOT ELIGIBLE,NOT ELIGIBLE
Nissan,Fusion,2016,63552,Excellent,29068,Level3,white,CA,FALSE,FALSE,NOT ELIGIBLE,NOT ELIGIBLE
Chevrolet,Fusion,2013,63568,Excellent,27394,Level3,red,NY,FALSE,FALSE,NOT ELIGIBLE,ELIGIBLE
Chevrolet,Fusion,2012,63631,Excellent,11322,Level2,silver,NY,FALSE,FALSE,NOT ELIGIBLE,NOT ELIGIBLE
Ford,Altima,2011,63702,Excellent,10822,Level2,blue,IL,FALSE,FALSE,NOT ELIGIBLE,NOT ELIGIBLE
Toyota,Fusion,2013,63749,Excellent,14998,Level2,blue,CA,FALSE,FALSE,NOT ELIGIBLE,ELIGIBLE
Ford,Altima,2018,63851,Excellent,18351,Level2,red,IL,FALSE,FALSE,NOT ELIGIBLE,ELIGIBLE
Toyota,Camry,2011,63854,Excellent,25428,Level3,black,IL,FALSE,FALSE,NOT ELIGIBLE,ELIGIBLE
Honda,Cruze,2018,63917,Excellent,47289,Level5,red,TX,TRUE,TRUE,ELIGIBLE,ELIGIBLE
Toyota,Cruze,2013,64109,Excellent,28550,Level3,blue,TX,FALSE,FALSE,NOT ELIGIBLE,ELIGIBLE
Toyota,Altima,2010,64316,Excellent,45297,Level5,silver,CA,TRUE,TRUE,ELIGIBLE,NOT ELIGIBLE
Chevrolet,Fusion,2012,64367,Excellent,15155,Level2,silver,NY,FALSE,FALSE,NOT ELIGIBLE,NOT ELIGIBLE
Toyota,Fusion,2011,64371,Excellent,37039,Level4,black,TX,FALSE,FALSE,NOT ELIGIBLE,ELIGIBLE
Chevrolet,Accord,2013,64572,Excellent,38058,Level4,red,IL,FALSE,FALSE,NOT ELIGIBLE,ELIGIBLE
Toyota,Accord,2012,64721,Excellent,37830,Level4,white,TX,FALSE,FALSE,NOT ELIGIBLE,ELIGIBLE
Chevrolet,Camry,2010,64763,Excellent,43757,Level5,white,IL,FALSE,TRUE,NOT ELIGIBLE,NOT ELIGIBLE
Toyota,Accord,2011,64820,Excellent,13491,Level2,blue,TX,FALSE,FALSE,NOT ELIGIBLE,ELIGIBLE
Ford,Cruze,2012,64858,Excellent,24230,Level3,red,FL,FALSE,FALSE,NOT ELIGIBLE,ELIGIBLE
Chevrolet,Fusion,2017,64879,Excellent,43126,Level5,silver,CA,FALSE,TRUE,NOT ELIGIBLE,NOT ELIGIBLE
Toyota,Altima,2018,65052,Excellent,17325,Level2,white,NY,FALSE,FALSE,NOT ELIGIBLE,ELIGIBLE
Toyota,Cruze,2015,65113,Excellent,14382,Level2,white,NY,FALSE,FALSE,NOT ELIGIBLE,ELIGIBLE
Honda,Accord,2012,65124,Excellent,10319,Level2,black,TX,FALSE,FALSE,NOT ELIGIBLE,NOT ELIGIBLE
Nissan,Cruze,2011,65150,Excellent,42105,Level5,black,TX,FALSE,TRUE,NOT ELIGIBLE,NOT ELIGIBLE
Toyota,Cruze,2013,65297,Excellent,29544,Level3,silver,NY,FALSE,FALSE,NOT ELIGIBLE,ELIGIBLE
Honda,Camry,2012,65389,Excellent,32971,Level4,white,CA,FALSE,FALSE,NOT ELIGIBLE,NOT ELIGIBLE
Toyota,Cruze,2010,65413,Excellent,37760,Level4,red,TX,FALSE,FALSE,NOT ELIGIBLE,ELIGIBLE
Toyota,Camry,2012,65415,Excellent,39905,Level4,red,NY,FALSE,FALSE,NOT ELIGIBLE,ELIGIBLE
Ford,Camry,2014,65575,Excellent,39014,Level4,red,CA,FALSE,FALSE,NOT ELIGIBLE,ELIGIBLE
Ford,Cruze,2013,65602,Excellent,29797,Level3,blue,IL,FALSE,FALSE,NOT ELIGIBLE,NOT ELIGIBLE
Ford,Accord,2017,65746,Excellent,49242,Level5,white,FL,TRUE,TRUE,ELIGIBLE,NOT ELIGIBLE
Honda,Altima,2018,65777,Excellent,40998,Level5,red,TX,FALSE,TRUE,NOT ELIGIBLE,ELIGIBLE
Chevrolet,Accord,2011,65871,Excellent,13308,Level2,red,TX,FALSE,FALSE,NOT ELIGIBLE,ELIGIBLE
Nissan,Accord,2012,65905,Excellent,18361,Level2,blue,TX,FALSE,FALSE,NOT ELIGIBLE,NOT ELIGIBLE
Honda,Altima,2011,66092,Excellent,40552,Level5,silver,TX,FALSE,TRUE,NOT ELIGIBLE,NOT ELIGIBLE
Nissan,Fusion,2010,66163,Excellent,36421,Level4,white,IL,FALSE,FALSE,NOT ELIGIBLE,NOT ELIGIBLE
Honda,Accord,2017,66330,Excellent,27324,Level3,red,FL,FALSE,FALSE,NOT ELIGIBLE,ELIGIBLE
Ford,Cruze,2012,66365,Excellent,29545,Level3,black,NY,FALSE,FALSE,NOT ELIGIBLE,NOT ELIGIBLE
Chevrolet,Cruze,2015,67158,Excellent,12972,Level2,black,CA,FALSE,FALSE,NOT ELIGIBLE,NOT ELIGIBLE
Nissan,Fusion,2012,67229,Excellent,40220,Level5,black,IL,FALSE,TRUE,NOT ELIGIBLE,NOT ELIGIBLE
Nissan,Accord,2018,67273,Excellent,28814,Level3,blue,IL,FALSE,FALSE,NOT ELIGIBLE,NOT ELIGIBLE
Chevrolet,Fusion,2015,67312,Excellent,26247,Level3,silver,TX,FALSE,FALSE,NOT ELIGIBLE,NOT ELIGIBLE
Nissan,Altima,2016,67334,Excellent,12486,Level2,blue,CA,FALSE,FALSE,NOT ELIGIBLE,NOT ELIGIBLE
Nissan,Accord,2010,67352,Excellent,33656,Level4,red,TX,FALSE,FALSE,NOT ELIGIBLE,ELIGIBLE
Nissan,Altima,2016,67374,Excellent,37754,Level4,silver,TX,FALSE,FALSE,NOT ELIGIBLE,NOT ELIGIBLE
Nissan,Accord,2012,67415,Excellent,15599,Level2,white,FL,FALSE,FALSE,NOT ELIGIBLE,NOT ELIGIBLE
Ford,Fusion,2011,67439,Excellent,25143,Level3,white,TX,FALSE,FALSE,NOT ELIGIBLE,NOT ELIGIBLE
Ford,Cruze,2011,67456,Excellent,23716,Level3,silver,IL,FALSE,FALSE,NOT ELIGIBLE,NOT ELIGIBLE
Nissan,Accord,2014,67663,Excellent,25891,Level3,silver,FL,FALSE,FALSE,NOT ELIGIBLE,NOT ELIGIBLE
Ford,Cruze,2010,67858,Excellent,13810,Level2,red,TX,FALSE,FALSE,NOT ELIGIBLE,ELIGIBLE
Nissan,Cruze,2014,68161,Excellent,18452,Level2,black,IL,FALSE,FALSE,NOT ELIGIBLE,NOT ELIGIBLE
Chevrolet,Accord,2017,68264,Excellent,15632,Level2,white,TX,FALSE,FALSE,NOT ELIGIBLE,NOT ELIGIBLE
Chevrolet,Altima,2014,68376,Excellent,37334,Level4,red,CA,FALSE,FALSE,NOT ELIGIBLE,ELIGIBLE
Ford,Camry,2017,68513,Excellent,17094,Level2,black,FL,FALSE,FALSE,NOT ELIGIBLE,NOT ELIGIBLE
Nissan,Altima,2017,68580,Excellent,49781,Level5,blue,FL,TRUE,TRUE,ELIGIBLE,NOT ELIGIBLE
Honda,Fusion,2011,68596,Excellent,37208,Level4,silver,FL,FALSE,FALSE,NOT ELIGIBLE,NOT ELIGIBLE
Ford,Cruze,2017,68806,Excellent,49907,Level5,silver,CA,TRUE,TRUE,ELIGIBLE,NOT ELIGIBLE
Honda,Accord,2011,68878,Excellent,10801,Level2,blue,TX,FALSE,FALSE,NOT ELIGIBLE,NOT ELIGIBLE
Toyota,Cruze,2015,68976,Excellent,11070,Level2,blue,FL,FALSE,FALSE,NOT ELIGIBLE,ELIGIBLE
Honda,Accord,2010,69035,Excellent,10908,Level2,blue,FL,FALSE,FALSE,NOT ELIGIBLE,NOT ELIGIBLE
Honda,Altima,2012,69083,Excellent,33518,Level4,silver,TX,FALSE,FALSE,NOT ELIGIBLE,NOT ELIGIBLE
Ford,Altima,2015,69110,Excellent,35961,Level4,red,NY,FALSE,FALSE,NOT ELIGIBLE,ELIGIBLE
Nissan,Cruze,2010,69244,Excellent,19275,Level2,blue,FL,FALSE,FALSE,NOT ELIGIBLE,NOT ELIGIBLE
Ford,Cruze,2012,69318,Excellent,12866,Level2,blue,CA,FALSE,FALSE,NOT ELIGIBLE,NOT ELIGIBLE
Nissan,Accord,2011,69376,Excellent,12797,Level2,red,CA,FALSE,FALSE,NOT ELIGIBLE,ELIGIBLE
Toyota,Accord,2017,69402,Excellent,43998,Level5,blue,TX,FALSE,TRUE,NOT ELIGIBLE,NOT ELIGIBLE
Nissan,Altima,2013,69413,Excellent,38136,Level4,silver,TX,FALSE,FALSE,NOT ELIGIBLE,NOT ELIGIBLE
Nissan,Camry,2016,69423,Excellent,34455,Level4,blue,CA,FALSE,FALSE,NOT ELIGIBLE,NOT ELIGIBLE
Nissan,Cruze,2013,69549,Excellent,49278,Level5,blue,CA,TRUE,TRUE,ELIGIBLE,NOT ELIGIBLE
Honda,Altima,2017,69823,Excellent,14480,Level2,white,CA,FALSE,FALSE,NOT ELIGIBLE,NOT ELIGIBLE
Ford,Cruze,2018,69843,Excellent,24188,Level3,blue,TX,FALSE,FALSE,NOT ELIGIBLE,NOT ELIGIBLE
Toyota,Accord,2011,69854,Excellent,30886,Level4,blue,CA,FALSE,FALSE,NOT ELIGIBLE,ELIGIBLE
Toyota,Camry,2010,69884,Excellent,47735,Level5,red,NY,TRUE,TRUE,ELIGIBLE,ELIGIBLE
Ford,Fusion,2014,70025,Excellent,33898,Level4,black,NY,FALSE,FALSE,NOT ELIGIBLE,NOT ELIGIBLE
Toyota,Fusion,2014,70067,Excellent,46444,Level5,blue,CA,TRUE,TRUE,ELIGIBLE,NOT ELIGIBLE
Chevrolet,Cruze,2012,70135,Excellent,21949,Level3,red,CA,FALSE,FALSE,NOT ELIGIBLE,ELIGIBLE
Chevrolet,Accord,2014,70149,Excellent,46482,Level5,silver,IL,TRUE,TRUE,ELIGIBLE,NOT ELIGIBLE
Honda,Camry,2010,70329,Excellent,23971,Level3,silver,TX,FALSE,FALSE,NOT ELIGIBLE,NOT ELIGIBLE
Toyota,Cruze,2015,70406,Excellent,25666,Level3,black,FL,FALSE,FALSE,NOT ELIGIBLE,ELIGIBLE
Honda,Cruze,2014,70439,Excellent,48293,Level5,white,NY,TRUE,TRUE,ELIGIBLE,NOT ELIGIBLE
Ford,Altima,2012,70500,Excellent,35051,Level4,blue,TX,FALSE,FALSE,NOT ELIGIBLE,NOT ELIGIBLE
Ford,Accord,2017,70597,Excellent,10697,Level2,white,IL,FALSE,FALSE,NOT ELIGIBLE,NOT ELIGIBLE
Toyota,Cruze,2016,70758,Excellent,48267,Level5,red,TX,TRUE,TRUE,ELIGIBLE,ELIGIBLE
Toyota,Altima,2016,70914,Excellent,43582,Level5,silver,NY,FALSE,TRUE,NOT ELIGIBLE,NOT ELIGIBLE
Ford,Fusion,2018,71010,Excellent,49401,Level5,blue,TX,TRUE,TRUE,ELIGIBLE,NOT ELIGIBLE
Nissan,Altima,2016,71025,Excellent,27368,Level3,blue,FL,FALSE,FALSE,NOT ELIGIBLE,NOT ELIGIBLE
Nissan,Altima,2016,71109,Excellent,27649,Level3,blue,TX,FALSE,FALSE,NOT ELIGIBLE,NOT ELIGIBLE
Ford,Cruze,2015,71186,Excellent,29725,Level3,black,NY,FALSE,FALSE,NOT ELIGIBLE,NOT ELIGIBLE
Ford,Accord,2016,71204,Excellent,35277,Level4,white,NY,FALSE,FALSE,NOT ELIGIBLE,NOT ELIGIBLE
Nissan,Altima,2015,71480,Excellent,19878,Level2,red,CA,FALSE,FALSE,NOT ELIGIBLE,ELIGIBLE
Honda,Camry,2017,71588,Excellent,17712,Level2,silver,NY,FALSE,FALSE,NOT ELIGIBLE,NOT ELIGIBLE
Toyota,Accord,2014,71700,Excellent,30899,Level4,blue,TX,FALSE,FALSE,NOT ELIGIBLE,ELIGIBLE
Nissan,Fusion,2010,71748,Excellent,44294,Level5,white,CA,FALSE,TRUE,NOT ELIGIBLE,NOT ELIGIBLE
Nissan,Camry,2010,71827,Excellent,23000,Level3,white,NY,FALSE,FALSE,NOT ELIGIBLE,NOT ELIGIBLE
Ford,Camry,2015,71922,Excellent,17576,Level2,red,NY,FALSE,FALSE,NOT ELIGIBLE,ELIGIBLE
Honda,Accord,2017,71930,Excellent,37752,Level4,white,CA,FALSE,FALSE,NOT ELIGIBLE,NOT ELIGIBLE
Toyota,Accord,2016,72017,Excellent,20621,Level3,silver,NY,FALSE,FALSE,NOT ELIGIBLE,ELIGIBLE
Nissan,Fusion,2010,72041,Excellent,29198,Level3,black,CA,FALSE,FALSE,NOT ELIGIBLE,NOT ELIGIBLE
Ford,Altima,2010,72079,Excellent,10539,Level2,silver,FL,FALSE,FALSE,NOT ELIGIBLE,NOT ELIGIBLE
Chevrolet,Accord,2013,72170,Excellent,33688,Level4,black,FL,FALSE,FALSE,NOT ELIGIBLE,NOT ELIGIBLE
Toyota,Altima,2018,72348,Excellent,12722,Level2,red,FL,FALSE,FALSE,NOT ELIGIBLE,ELIGIBLE
Honda,Fusion,2018,72574,Excellent,10032,Level2,blue,NY,FALSE,FALSE,NOT ELIGIBLE,NOT ELIGIBLE
Toyota,Cruze,2010,72591,Excellent,37387,Level4,red,NY,FALSE,FALSE,NOT ELIGIBLE,ELIGIBLE
Ford,Cruze,2011,72653,Excellent,41021,Level5,white,TX,FALSE,TRUE,NOT ELIGIBLE,NOT ELIGIBLE
Toyota,Camry,2010,72701,Excellent,44661,Level5,black,TX,FALSE,TRUE,NOT ELIGIBLE,NOT ELIGIBLE
Ford,Accord,2012,72705,Excellent,27587,Level3,silver,CA,FALSE,FALSE,NOT ELIGIBLE,NOT ELIGIBLE
Ford,Altima,2012,72734,Excellent,49359,Level5,black,CA,TRUE,TRUE,ELIGIBLE,NOT ELIGIBLE
Nissan,Accord,2018,72736,Excellent,15758,Level2,white,NY,FALSE,FALSE,NOT ELIGIBLE,NOT ELIGIBLE
Nissan,Fusion,2011,72772,Excellent,40874,Level5,red,FL,FALSE,TRUE,NOT ELIGIBLE,ELIGIBLE
Ford,Cruze,2011,72867,Excellent,17234,Level2,white,NY,FALSE,FALSE,NOT ELIGIBLE,NOT ELIGIBLE
Ford,Fusion,2016,73105,Excellent,17516,Level2,blue,IL,FALSE,FALSE,NOT ELIGIBLE,NOT ELIGIBLE
Toyota,Accord,2012,73387,Excellent,27021,Level3,white,TX,FALSE,FALSE,NOT ELIGIBLE,ELIGIBLE
Nissan,Altima,2011,73536,Excellent,44486,Level5,red,FL,FALSE,TRUE,NOT ELIGIBLE,ELIGIBLE
Toyota,Cruze,2012,73565,Excellent,35993,Level4,white,CA,FALSE,FALSE,NOT ELIGIBLE,ELIGIBLE
Toyota,Camry,2012,73749,Excellent,32558,Level4,red,TX,FALSE,FALSE,NOT ELIGIBLE,ELIGIBLE
Honda,Accord,2013,73801,Excellent,43499,Level5,silver,TX,FALSE,TRUE,NOT ELIGIBLE,NOT ELIGIBLE
Ford,Cruze,2018,73930,Excellent,37517,Level4,blue,CA,FALSE,FALSE,NOT ELIGIBLE,NOT ELIGIBLE
Chevrolet,Fusion,2017,73934,Excellent,30651,Level4,blue,NY,FALSE,FALSE,NOT ELIGIBLE,NOT ELIGIBLE
Chevrolet,Camry,2014,74050,Excellent,11975,Level2,white,NY,FALSE,FALSE,NOT ELIGIBLE,NOT ELIGIBLE
Nissan,Camry,2016,74079,Excellent,25169,Level3,red,FL,FALSE,FALSE,NOT ELIGIBLE,ELIGIBLE
Nissan,Cruze,2011,74085,Excellent,39711,Level4,silver,IL,FALSE,FALSE,NOT ELIGIBLE,NOT ELIGIBLE
Nissan,Altima,2016,74116,Excellent,36768,Level4,white,IL,FALSE,FALSE,NOT ELIGIBLE,NOT ELIGIBLE
Toyota,Fusion,2012,74178,Excellent,38086,Level4,black,NY,FALSE,FALSE,NOT ELIGIBLE,ELIGIBLE
Chevrolet,Altima,2011,74267,Excellent,23944,Level3,blue,FL,FALSE,FALSE,NOT ELIGIBLE,NOT ELIGIBLE
Toyota,Cruze,2014,74379,Excellent,47467,Level5,red,FL,TRUE,TRUE,ELIGIBLE,ELIGIBLE
Nissan,Altima,2014,74416,Excellent,39246,Level4,black,NY,FALSE,FALSE,NOT ELIGIBLE,NOT ELIGIBLE
Chevrolet,Camry,2013,74516,Excellent,43708,Level5,black,IL,FALSE,TRUE,NOT ELIGIBLE,NOT ELIGIBLE
Ford,Cruze,2012,74771,Excellent,23515,Level3,black,FL,FALSE,FALSE,NOT ELIGIBLE,NOT ELIGIBLE
Honda,Altima,2017,74772,Excellent,48787,Level5,white,NY,TRUE,TRUE,ELIGIBLE,NOT ELIGIBLE
Chevrolet,Cruze,2018,75198,Excellent,17882,Level2,white,FL,FALSE,FALSE,NOT ELIGIBLE,NOT ELIGIBLE
Chevrolet,Accord,2016,75296,Excellent,46715,Level5,red,CA,TRUE,TRUE,ELIGIBLE,ELIGIBLE
Honda,Accord,2013,75311,Excellent,28296,Level3,white,NY,FALSE,FALSE,NOT ELIGIBLE,NOT ELIGIBLE
Ford,Altima,2015,75443,Excellent,26895,Level3,white,FL,FALSE,FALSE,NOT ELIGIBLE,NOT ELIGIBLE
Chevrolet,Accord,2017,75565,Excellent,30933,Level4,red,TX,FALSE,FALSE,NOT ELIGIBLE,ELIGIBLE
Chevrolet,Cruze,2017,75596,Excellent,29079,Level3,white,FL,FALSE,FALSE,NOT ELIGIBLE,NOT ELIGIBLE
Chevrolet,Accord,2013,75756,Excellent,17613,Level2,blue,IL,FALSE,FALSE,NOT ELIGIBLE,NOT ELIGIBLE
Chevrolet,Fusion,2010,75831,Excellent,38346,Level4,silver,FL,FALSE,FALSE,NOT ELIGIBLE,NOT ELIGIBLE
Honda,Accord,2013,76116,Excellent,44456,Level5,white,CA,FALSE,TRUE,NOT ELIGIBLE,NOT ELIGIBLE
Chevrolet,Accord,2012,76301,Excellent,33780,Level4,red,FL,FALSE,FALSE,NOT ELIGIBLE,ELIGIBLE
Ford,Accord,2010,76312,Excellent,30185,Level4,blue,FL,FALSE,FALSE,NOT ELIGIBLE,NOT ELIGIBLE
Nissan,Altima,2016,76351,Excellent,14690,Level2,black,IL,FALSE,FALSE,NOT ELIGIBLE,NOT ELIGIBLE
Nissan,Altima,2010,76542,Excellent,14973,Level2,black,IL,FALSE,FALSE,NOT ELIGIBLE,NOT ELIGIBLE
Nissan,Fusion,2015,76579,Excellent,31080,Level4,blue,CA,FALSE,FALSE,NOT ELIGIBLE,NOT ELIGIBLE
Toyota,Altima,2016,76606,Excellent,17055,Level2,black,NY,FALSE,FALSE,NOT ELIGIBLE,ELIGIBLE
Honda,Accord,2018,76692,Excellent,24581,Level3,red,IL,FALSE,FALSE,NOT ELIGIBLE,ELIGIBLE
Toyota,Cruze,2010,76705,Excellent,34530,Level4,silver,IL,FALSE,FALSE,NOT ELIGIBLE,ELIGIBLE
Nissan,Camry,2014,76909,Excellent,42120,Level5,silver,NY,FALSE,TRUE,NOT ELIGIBLE,NOT ELIGIBLE
Ford,Accord,2013,76917,Excellent,42116,Level5,silver,CA,FALSE,TRUE,NOT ELIGIBLE,NOT ELIGIBLE
Nissan,Fusion,2015,76925,Excellent,13588,Level2,black,TX,FALSE,FALSE,NOT ELIGIBLE,NOT ELIGIBLE
Chevrolet,Altima,2014,77003,Excellent,39335,Level4,red,FL,FALSE,FALSE,NOT ELIGIBLE,ELIGIBLE
Ford,Accord,2013,77041,Excellent,18888,Level2,black,FL,FALSE,FALSE,NOT ELIGIBLE,NOT ELIGIBLE
Toyota,Camry,2013,77107,Excellent,45393,Level5,white,CA,TRUE,TRUE,ELIGIBLE,NOT ELIGIBLE
Chevrolet,Cruze,2010,77114,Excellent,41600,Level5,silver,TX,FALSE,TRUE,NOT ELIGIBLE,NOT ELIGIBLE
Toyota,Altima,2013,77133,Excellent,11286,Level2,black,IL,FALSE,FALSE,NOT ELIGIBLE,ELIGIBLE
Honda,Camry,2013,77144,Excellent,37003,Level4,silver,IL,FALSE,FALSE,NOT ELIGIBLE,NOT ELIGIBLE
Chevrolet,Altima,2018,77343,Excellent,38677,Level4,blue,CA,FALSE,FALSE,NOT ELIGIBLE,NOT ELIGIBLE
Toyota,Fusion,2017,77362,Excellent,47268,Level5,white,CA,TRUE,TRUE,ELIGIBLE,NOT ELIGIBLE
Toyota,Cruze,2014,77396,Excellent,34897,Level4,white,FL,FALSE,FALSE,NOT ELIGIBLE,ELIGIBLE
Ford,Accord,2016,77463,Excellent,12786,Level2,red,CA,FALSE,FALSE,NOT ELIGIBLE,ELIGIBLE
Honda,Fusion,2014,77555,Excellent,15880,Level2,silver,TX,FALSE,FALSE,NOT ELIGIBLE,NOT ELIGIBLE
Chevrolet,Fusion,2015,77641,Excellent,31940,Level4,silver,CA,FALSE,FALSE,NOT ELIGIBLE,NOT ELIGIBLE
Chevrolet,Altima,2011,77718,Excellent,40297,Level5,blue,CA,FALSE,TRUE,NOT ELIGIBLE,NOT ELIGIBLE
Chevrolet,Accord,2016,77747,Excellent,39574,Level4,white,NY,FALSE,FALSE,NOT ELIGIBLE,NOT ELIGIBLE
Honda,Accord,2013,77826,Excellent,36482,Level4,blue,NY,FALSE,FALSE,NOT ELIGIBLE,NOT ELIGIBLE
Honda,Cruze,2018,77840,Excellent,35296,Level4,white,TX,FALSE,FALSE,NOT ELIGIBLE,NOT ELIGIBLE
Nissan,Accord,2015,77883,Excellent,25144,Level3,red,IL,FALSE,FALSE,NOT ELIGIBLE,ELIGIBLE
Honda,Camry,2016,77970,Excellent,13406,Level2,red,TX,FALSE,FALSE,NOT ELIGIBLE,ELIGIBLE
Ford,Altima,2014,78013,Excellent,37398,Level4,white,CA,FALSE,FALSE,NOT ELIGIBLE,NOT ELIGIBLE
Honda,Altima,2014,78020,Excellent,24800,Level3,silver,TX,FALSE,FALSE,NOT ELIGIBLE,NOT ELIGIBLE
Nissan,Fusion,2010,78061,Excellent,39701,Level4,white,CA,FALSE,FALSE,NOT ELIGIBLE,NOT ELIGIBLE
Ford,Fusion,2012,78092,Excellent,22058,Level3,blue,IL,FALSE,FALSE,NOT ELIGIBLE,NOT ELIGIBLE
Toyota,Accord,2016,78195,Excellent,20105,Level3,white,CA,FALSE,FALSE,NOT ELIGIBLE,ELIGIBLE
Nissan,Fusion,2015,78246,Excellent,27626,Level3,blue,NY,FALSE,FALSE,NOT ELIGIBLE,NOT ELIGIBLE
Nissan,Camry,2018,78412,Excellent,46579,Level5,red,TX,TRUE,TRUE,ELIGIBLE,ELIGIBLE
Toyota,Camry,2017,78493,Excellent,34265,Level4,black,TX,FALSE,FALSE,NOT ELIGIBLE,ELIGIBLE
Chevrolet,Camry,2012,78562,Excellent,15896,Level2,white,NY,FALSE,FALSE,NOT ELIGIBLE,NOT ELIGIBLE
Toyota,Accord,2015,78651,Excellent,34246,Level4,black,IL,FALSE,FALSE,NOT ELIGIBLE,ELIGIBLE
Toyota,Accord,2012,78787,Excellent,29497,Level3,black,FL,FALSE,FALSE,NOT ELIGIBLE,ELIGIBLE
Chevrolet,Camry,2018,78890,Excellent,48430,Level5,red,NY,TRUE,TRUE,ELIGIBLE,ELIGIBLE
Ford,Camry,2014,79015,Excellent,24020,Level3,blue,CA,FALSE,FALSE,NOT ELIGIBLE,NOT ELIGIBLE
Nissan,Fusion,2010,79097,Excellent,36667,Level4,red,TX,FALSE,FALSE,NOT ELIGIBLE,ELIGIBLE
Chevrolet,Fusion,2015,79162,Excellent,30602,Level4,blue,IL,FALSE,FALSE,NOT ELIGIBLE,NOT ELIGIBLE
Nissan,Cruze,2013,79173,Excellent,30198,Level4,red,TX,FALSE,FALSE,NOT ELIGIBLE,ELIGIBLE
Honda,Cruze,2015,79325,Excellent,37390,Level4,silver,FL,FALSE,FALSE,NOT ELIGIBLE,NOT ELIGIBLE
Chevrolet,Fusion,2015,79367,Excellent,36525,Level4,blue,IL,FALSE,FALSE,NOT ELIGIBLE,NOT ELIGIBLE
Chevrolet,Altima,2018,79387,Excellent,17762,Level2,red,IL,FALSE,FALSE,NOT ELIGIBLE,ELIGIBLE
Nissan,Fusion,2011,79625,Excellent,47280,Level5,silver,FL,TRUE,TRUE,ELIGIBLE,NOT ELIGIBLE
Nissan,Accord,2013,79645,Excellent,27302,Level3,white,IL,FALSE,FALSE,NOT ELIGIBLE,NOT ELIGIBLE
Nissan,Cruze,2016,79775,Excellent,36485,Level4,black,TX,FALSE,FALSE,NOT ELIGIBLE,NOT ELIGIBLE
Toyota,Fusion,2013,80077,Excellent,23483,Level3,white,CA,FALSE,FALSE,NOT ELIGIBLE,ELIGIBLE
Chevrolet,Accord,2010,80428,Excellent,37518,Level4,red,CA,FALSE,FALSE,NOT ELIGIBLE,ELIGIBLE
Nissan,Cruze,2010,80620,Excellent,48811,Level5,silver,FL,TRUE,TRUE,ELIGIBLE,NOT ELIGIBLE
Honda,Cruze,2015,80746,Excellent,13727,Level2,silver,CA,FALSE,FALSE,NOT ELIGIBLE,NOT ELIGIBLE
Honda,Altima,2013,80760,Excellent,29121,Level3,red,IL,FALSE,FALSE,NOT ELIGIBLE,ELIGIBLE
Toyota,Accord,2013,80982,Excellent,42502,Level5,silver,IL,FALSE,TRUE,NOT ELIGIBLE,NOT ELIGIBLE
Toyota,Camry,2011,81065,Excellent,40197,Level5,blue,NY,FALSE,TRUE,NOT ELIGIBLE,NOT ELIGIBLE
Nissan,Cruze,2014,81102,Excellent,29753,Level3,red,IL,FALSE,FALSE,NOT ELIGIBLE,ELIGIBLE
Honda,Accord,2016,81176,Excellent,24038,Level3,white,IL,FALSE,FALSE,NOT ELIGIBLE,NOT ELIGIBLE
Nissan,Altima,2011,81203,Excellent,19967,Level2,silver,IL,FALSE,FALSE,NOT ELIGIBLE,NOT ELIGIBLE
Chevrolet,Altima,2016,81214,Excellent,34270,Level4,black,TX,FALSE,FALSE,NOT ELIGIBLE,NOT ELIGIBLE
Nissan,Fusion,2012,81296,Excellent,29894,Level3,red,FL,FALSE,FALSE,NOT ELIGIBLE,ELIGIBLE
Ford,Fusion,2013,81317,Excellent,13777,Level2,black,TX,FALSE,FALSE,NOT ELIGIBLE,NOT ELIGIBLE
Honda,Fusion,2014,81328,Excellent,49920,Level5,red,CA,TRUE,TRUE,ELIGIBLE,ELIGIBLE
Nissan,Accord,2018,81487,Excellent,24536,Level3,blue,IL,FALSE,FALSE,NOT ELIGIBLE,NOT ELIGIBLE
Ford,Cruze,2017,81679,Excellent,45552,Level5,black,TX,TRUE,TRUE,ELIGIBLE,NOT ELIGIBLE
Toyota,Camry,2017,81830,Excellent,25514,Level3,black,TX,FALSE,FALSE,NOT ELIGIBLE,ELIGIBLE
Nissan,Altima,2011,81900,Excellent,31919,Level4,silver,TX,FALSE,FALSE,NOT ELIGIBLE,NOT ELIGIBLE
Ford,Accord,2013,81955,Excellent,12331,Level2,red,FL,FALSE,FALSE,NOT ELIGIBLE,ELIGIBLE
Ford,Camry,2012,81956,Excellent,43827,Level5,white,FL,FALSE,TRUE,NOT ELIGIBLE,NOT ELIGIBLE
Nissan,Camry,2015,82227,Excellent,10477,Level2,white,CA,FALSE,FALSE,NOT ELIGIBLE,NOT ELIGIBLE
Chevrolet,Fusion,2014,82253,Excellent,39274,Level4,red,FL,FALSE,FALSE,NOT ELIGIBLE,ELIGIBLE
Toyota,Accord,2018,82315,Excellent,17453,Level2,red,CA,FALSE,FALSE,NOT ELIGIBLE,ELIGIBLE
Ford,Camry,2017,82334,Excellent,38666,Level4,blue,FL,FALSE,FALSE,NOT ELIGIBLE,NOT ELIGIBLE
Honda,Fusion,2017,82367,Excellent,27958,Level3,black,NY,FALSE,FALSE,NOT ELIGIBLE,NOT ELIGIBLE
Ford,Altima,2013,82369,Excellent,10798,Level2,silver,TX,FALSE,FALSE,NOT ELIGIBLE,NOT ELIGIBLE
Toyota,Fusion,2016,82377,Excellent,44532,Level5,silver,TX,FALSE,TRUE,NOT ELIGIBLE,NOT ELIGIBLE
Honda,Accord,2013,82448,Excellent,20488,Level3,white,FL,FALSE,FALSE,NOT ELIGIBLE,NOT ELIGIBLE
Ford,Altima,2014,82471,Excellent,44781,Level5,white,IL,FALSE,TRUE,NOT ELIGIBLE,NOT ELIGIBLE
Ford,Fusion,2015,82505,Excellent,12102,Level2,white,CA,FALSE,FALSE,NOT ELIGIBLE,NOT ELIGIBLE
Toyota,Camry,2018,82612,Excellent,43827,Level5,white,NY,FALSE,TRUE,NOT ELIGIBLE,NOT ELIGIBLE
Chevrolet,Accord,2012,82660,Excellent,42134,Level5,silver,NY,FALSE,TRUE,NOT ELIGIBLE,NOT ELIGIBLE
Nissan,Fusion,2018,82732,Excellent,30463,Level4,blue,TX,FALSE,FALSE,NOT ELIGIBLE,NOT ELIGIBLE
Honda,Cruze,2015,82788,Excellent,28422,Level3,white,TX,FALSE,FALSE,NOT ELIGIBLE,NOT ELIGIBLE
Honda,Fusion,2013,82805,Excellent,33651,Level4,white,CA,FALSE,FALSE,NOT ELIGIBLE,NOT ELIGIBLE
Nissan,Fusion,2014,83120,Excellent,23611,Level3,silver,CA,FALSE,FALSE,NOT ELIGIBLE,NOT ELIGIBLE
Chevrolet,Camry,2017,83164,Excellent,23195,Level3,blue,FL,FALSE,FALSE,NOT ELIGIBLE,NOT ELIGIBLE
Toyota,Accord,2014,83357,Excellent,37597,Level4,blue,FL,FALSE,FALSE,NOT ELIGIBLE,ELIGIBLE
Ford,Cruze,2013,83531,Excellent,36058,Level4,red,FL,FALSE,FALSE,NOT ELIGIBLE,ELIGIBLE
Toyota,Fusion,2013,83539,Excellent,44056,Level5,white,TX,FALSE,TRUE,NOT ELIGIBLE,NOT ELIGIBLE
Chevrolet,Accord,2018,83609,Excellent,48807,Level5,blue,FL,TRUE,TRUE,ELIGIBLE,NOT ELIGIBLE
Nissan,Fusion,2012,83613,Excellent,43492,Level5,silver,TX,FALSE,TRUE,NOT ELIGIBLE,NOT ELIGIBLE
Honda,Altima,2010,83934,Excellent,46820,Level5,white,NY,TRUE,TRUE,ELIGIBLE,NOT ELIGIBLE
Toyota,Camry,2018,84039,Excellent,30971,Level4,silver,IL,FALSE,FALSE,NOT ELIGIBLE,ELIGIBLE
Toyota,Cruze,2017,84102,Excellent,35908,Level4,black,FL,FALSE,FALSE,NOT ELIGIBLE,ELIGIBLE
Toyota,Camry,2015,84171,Excellent,28173,Level3,white,FL,FALSE,FALSE,NOT ELIGIBLE,ELIGIBLE
Honda,Cruze,2015,84211,Excellent,32808,Level4,red,IL,FALSE,FALSE,NOT ELIGIBLE,ELIGIBLE
Nissan,Cruze,2011,84321,Excellent,25574,Level3,red,FL,FALSE,FALSE,NOT ELIGIBLE,ELIGIBLE
Ford,Cruze,2010,84333,Excellent,15370,Level2,white,NY,FALSE,FALSE,NOT ELIGIBLE,NOT ELIGIBLE
Chevrolet,Altima,2014,84439,Excellent,42702,Level5,silver,IL,FALSE,TRUE,NOT ELIGIBLE,NOT ELIGIBLE
Nissan,Cruze,2013,84500,Excellent,40181,Level5,black,CA,FALSE,TRUE,NOT ELIGIBLE,NOT ELIGIBLE
Toyota,Fusion,2014,84608,Excellent,15644,Level2,red,TX,FALSE,FALSE,NOT ELIGIBLE,ELIGIBLE
Toyota,Altima,2010,84644,Excellent,40651,Level5,silver,NY,FALSE,TRUE,NOT ELIGIBLE,NOT ELIGIBLE
Toyota,Fusion,2017,84759,Excellent,49041,Level5,black,NY,TRUE,TRUE,ELIGIBLE,NOT ELIGIBLE
Toyota,Fusion,2010,84786,Excellent,40159,Level5,black,NY,FALSE,TRUE,NOT ELIGIBLE,NOT ELIGIBLE
Ford,Accord,2018,84864,Excellent,38413,Level4,blue,CA,FALSE,FALSE,NOT ELIGIBLE,NOT ELIGIBLE
Honda,Cruze,2014,84920,Excellent,14548,Level2,blue,CA,FALSE,FALSE,NOT ELIGIBLE,NOT ELIGIBLE
Ford,Accord,2011,84988,Excellent,19130,Level2,silver,IL,FALSE,FALSE,NOT ELIGIBLE,NOT ELIGIBLE
Nissan,Camry,2015,85056,Excellent,38407,Level4,white,NY,FALSE,FALSE,NOT ELIGIBLE,NOT ELIGIBLE
Ford,Accord,2017,85118,Excellent,34569,Level4,silver,IL,FALSE,FALSE,NOT ELIGIBLE,NOT ELIGIBLE
Chevrolet,Camry,2016,85237,Excellent,11760,Level2,silver,IL,FALSE,FALSE,NOT ELIGIBLE,NOT ELIGIBLE
Chevrolet,Camry,2012,85404,Excellent,28708,Level3,red,CA,FALSE,FALSE,NOT ELIGIBLE,ELIGIBLE
Chevrolet,Camry,2013,85479,Excellent,26708,Level3,red,TX,FALSE,FALSE,NOT ELIGIBLE,ELIGIBLE
Honda,Cruze,2016,85494,Excellent,16471,Level2,black,FL,FALSE,FALSE,NOT ELIGIBLE,NOT ELIGIBLE
Chevrolet,Fusion,2013,85581,Excellent,46080,Level5,black,NY,TRUE,TRUE,ELIGIBLE,NOT ELIGIBLE
Chevrolet,Cruze,2018,85808,Excellent,25127,Level3,blue,FL,FALSE,FALSE,NOT ELIGIBLE,NOT ELIGIBLE
Ford,Altima,2014,85896,Excellent,33091,Level4,red,FL,FALSE,FALSE,NOT ELIGIBLE,ELIGIBLE
Nissan,Altima,2014,85932,Excellent,43429,Level5,blue,CA,FALSE,TRUE,NOT ELIGIBLE,NOT ELIGIBLE
Toyota,Fusion,2018,86084,Excellent,35769,Level4,white,IL,FALSE,FALSE,NOT ELIGIBLE,ELIGIBLE
Ford,Altima,2018,86239,Excellent,22701,Level3,blue,FL,FALSE,FALSE,NOT ELIGIBLE,NOT ELIGIBLE
Chevrolet,Accord,2018,86439,Excellent,16140,Level2,silver,NY,FALSE,FALSE,NOT ELIGIBLE,NOT ELIGIBLE
Chevrolet,Accord,2011,86598,Excellent,19335,Level2,blue,CA,FALSE,FALSE,NOT ELIGIBLE,NOT ELIGIBLE
Ford,Fusion,2014,86633,Excellent,16085,Level2,white,TX,FALSE,FALSE,NOT ELIGIBLE,NOT ELIGIBLE
Chevrolet,Accord,2017,86700,Excellent,46310,Level5,white,IL,TRUE,TRUE,ELIGIBLE,NOT ELIGIBLE
Chevrolet,Altima,2018,86710,Excellent,13340,Level2,blue,NY,FALSE,FALSE,NOT ELIGIBLE,NOT ELIGIBLE
Chevrolet,Camry,2011,86851,Excellent,14660,Level2,black,FL,FALSE,FALSE,NOT ELIGIBLE,NOT ELIGIBLE
Toyota,Altima,2011,86857,Excellent,47153,Level5,white,FL,TRUE,TRUE,ELIGIBLE,NOT ELIGIBLE
Toyota,Camry,2014,86860,Excellent,17323,Level2,silver,FL,FALSE,FALSE,NOT ELIGIBLE,ELIGIBLE
Honda,Altima,2015,87021,Excellent,49424,Level5,red,IL,TRUE,TRUE,ELIGIBLE,ELIGIBLE
Ford,Altima,2010,87052,Excellent,37013,Level4,black,FL,FALSE,FALSE,NOT ELIGIBLE,NOT ELIGIBLE
Honda,Cruze,2017,87423,Excellent,47348,Level5,silver,NY,TRUE,TRUE,ELIGIBLE,NOT ELIGIBLE
Ford,Altima,2015,87473,Excellent,11379,Level2,silver,FL,FALSE,FALSE,NOT ELIGIBLE,NOT ELIGIBLE
Ford,Camry,2015,87489,Excellent,38995,Level4,black,FL,FALSE,FALSE,NOT ELIGIBLE,NOT ELIGIBLE
Nissan,Fusion,2013,87512,Excellent,45667,Level5,white,FL,TRUE,TRUE,ELIGIBLE,NOT ELIGIBLE
Toyota,Cruze,2011,87526,Excellent,12541,Level2,silver,FL,FALSE,FALSE,NOT ELIGIBLE,ELIGIBLE
Ford,Altima,2017,87566,Excellent,40385,Level5,silver,NY,FALSE,TRUE,NOT ELIGIBLE,NOT ELIGIBLE
Honda,Accord,2014,87613,Excellent,12640,Level2,white,TX,FALSE,FALSE,NOT ELIGIBLE,NOT ELIGIBLE
Nissan,Fusion,2012,87705,Excellent,31326,Level4,red,FL,FALSE,FALSE,NOT ELIGIBLE,ELIGIBLE
Nissan,Fusion,2015,88007,Excellent,21480,Level3,white,TX,FALSE,FALSE,NOT ELIGIBLE,NOT ELIGIBLE
Nissan,Camry,2013,88226,Excellent,35412,Level4,red,TX,FALSE,FALSE,NOT ELIGIBLE,ELIGIBLE
Nissan,Altima,2013,88353,Excellent,32534,Level4,red,NY,FALSE,FALSE,NOT ELIGIBLE,ELIGIBLE
Ford,Cruze,2013,88519,Excellent,44143,Level5,silver,IL,FALSE,TRUE,NOT ELIGIBLE,NOT ELIGIBLE
Honda,Altima,2017,88529,Excellent,38257,Level4,blue,TX,FALSE,FALSE,NOT ELIGIBLE,NOT ELIGIBLE
Toyota,Altima,2015,88831,Excellent,39761,Level4,blue,NY,FALSE,FALSE,NOT ELIGIBLE,ELIGIBLE
Chevrolet,Cruze,2014,88874,Excellent,18278,Level2,black,TX,FALSE,FALSE,NOT ELIGIBLE,NOT ELIGIBLE
Toyota,Accord,2011,89020,Excellent,33420,Level4,black,IL,FALSE,FALSE,NOT ELIGIBLE,ELIGIBLE
Toyota,Altima,2018,89119,Excellent,30225,Level4,black,CA,FALSE,FALSE,NOT ELIGIBLE,ELIGIBLE
Toyota,Fusion,2011,89139,Excellent,35765,Level4,red,IL,FALSE,FALSE,NOT ELIGIBLE,ELIGIBLE
Ford,Cruze,2011,89164,Excellent,18593,Level2,blue,CA,FALSE,FALSE,NOT ELIGIBLE,NOT ELIGIBLE
Chevrolet,Accord,2018,89305,Excellent,47240,Level5,red,IL,TRUE,TRUE,ELIGIBLE,ELIGIBLE
Chevrolet,Altima,2017,89329,Excellent,16770,Level2,silver,NY,FALSE,FALSE,NOT ELIGIBLE,NOT ELIGIBLE
Chevrolet,Accord,2010,89400,Excellent,33644,Level4,blue,FL,FALSE,FALSE,NOT ELIGIBLE,NOT ELIGIBLE
Nissan,Altima,2013,89404,Excellent,20034,Level3,silver,FL,FALSE,FALSE,NOT ELIGIBLE,NOT ELIGIBLE
Ford,Altima,2015,89447,Excellent,22548,Level3,silver,CA,FALSE,FALSE,NOT ELIGIBLE,NOT ELIGIBLE
Ford,Cruze,2017,89454,Excellent,21249,Level3,silver,CA,FALSE,FALSE,NOT ELIGIBLE,NOT ELIGIBLE
Ford,Fusion,2016,89481,Excellent,18592,Level2,white,IL,FALSE,FALSE,NOT ELIGIBLE,NOT ELIGIBLE
Toyota,Fusion,2016,89606,Excellent,47875,Level5,black,FL,TRUE,TRUE,ELIGIBLE,NOT ELIGIBLE
Ford,Cruze,2014,89616,Excellent,15917,Level2,white,CA,FALSE,FALSE,NOT ELIGIBLE,NOT ELIGIBLE
Honda,Cruze,2017,89704,Excellent,40498,Level5,red,TX,FALSE,TRUE,NOT ELIGIBLE,ELIGIBLE
Chevrolet,Fusion,2010,89745,Excellent,24371,Level3,silver,NY,FALSE,FALSE,NOT ELIGIBLE,NOT ELIGIBLE
Nissan,Fusion,2014,89764,Excellent,43031,Level5,black,IL,FALSE,TRUE,NOT ELIGIBLE,NOT ELIGIBLE
Nissan,Altima,2011,89965,Excellent,10776,Level2,silver,CA,FALSE,FALSE,NOT ELIGIBLE,NOT ELIGIBLE
Honda,Cruze,2011,90097,Excellent,10796,Level2,black,TX,FALSE,FALSE,NOT ELIGIBLE,NOT ELIGIBLE
Honda,Fusion,2018,90218,Excellent,29560,Level3,white,FL,FALSE,FALSE,NOT ELIGIBLE,NOT ELIGIBLE
Honda,Camry,2013,90392,Excellent,28391,Level3,silver,CA,FALSE,FALSE,NOT ELIGIBLE,NOT ELIGIBLE
Ford,Altima,2015,90618,Excellent,13901,Level2,black,FL,FALSE,FALSE,NOT ELIGIBLE,NOT ELIGIBLE
Honda,Accord,2016,90679,Excellent,21621,Level3,silver,FL,FALSE,FALSE,NOT ELIGIBLE,NOT ELIGIBLE
Chevrolet,Fusion,2015,90755,Excellent,32967,Level4,blue,CA,FALSE,FALSE,NOT ELIGIBLE,NOT ELIGIBLE
Nissan,Altima,2015,91085,Excellent,21525,Level3,white,NY,FALSE,FALSE,NOT ELIGIBLE,NOT ELIGIBLE
Toyota,Cruze,2017,91115,Excellent,38568,Level4,silver,IL,FALSE,FALSE,NOT ELIGIBLE,ELIGIBLE
Toyota,Cruze,2011,91148,Excellent,48456,Level5,blue,CA,TRUE,TRUE,ELIGIBLE,NOT ELIGIBLE
Ford,Accord,2018,91185,Excellent,18381,Level2,white,NY,FALSE,FALSE,NOT ELIGIBLE,NOT ELIGIBLE
Toyota,Cruze,2012,91205,Excellent,40255,Level5,blue,IL,FALSE,TRUE,NOT ELIGIBLE,NOT ELIGIBLE
Chevrolet,Altima,2012,91286,Excellent,23734,Level3,black,FL,FALSE,FALSE,NOT ELIGIBLE,NOT ELIGIBLE
Ford,Altima,2011,91306,Excellent,37530,Level4,silver,NY,FALSE,FALSE,NOT ELIGIBLE,NOT ELIGIBLE
Chevrolet,Cruze,2013,91325,Excellent,24223,Level3,white,FL,FALSE,FALSE,NOT ELIGIBLE,NOT ELIGIBLE
Ford,Camry,2018,91366,Excellent,37120,Level4,blue,NY,FALSE,FALSE,NOT ELIGIBLE,NOT ELIGIBLE
Nissan,Accord,2013,91399,Excellent,45893,Level5,silver,TX,TRUE,TRUE,ELIGIBLE,NOT ELIGIBLE
Toyota,Camry,2012,91479,Excellent,21942,Level3,red,CA,FALSE,FALSE,NOT ELIGIBLE,ELIGIBLE
Nissan,Altima,2010,91489,Excellent,22121,Level3,blue,NY,FALSE,FALSE,NOT ELIGIBLE,NOT ELIGIBLE
Toyota,Altima,2014,91489,Excellent,32079,Level4,blue,NY,FALSE,FALSE,NOT ELIGIBLE,ELIGIBLE
Chevrolet,Cruze,2011,91582,Excellent,47689,Level5,silver,CA,TRUE,TRUE,ELIGIBLE,NOT ELIGIBLE
Ford,Accord,2017,91701,Excellent,40216,Level5,blue,TX,FALSE,TRUE,NOT ELIGIBLE,NOT ELIGIBLE
Chevrolet,Camry,2014,91723,Excellent,48533,Level5,red,FL,TRUE,TRUE,ELIGIBLE,ELIGIBLE
Toyota,Altima,2010,91736,Excellent,11102,Level2,silver,IL,FALSE,FALSE,NOT ELIGIBLE,ELIGIBLE
Ford,Accord,2014,91900,Excellent,32512,Level4,red,FL,FALSE,FALSE,NOT ELIGIBLE,ELIGIBLE
Chevrolet,Cruze,2014,91902,Excellent,42524,Level5,black,NY,FALSE,TRUE,NOT ELIGIBLE,NOT ELIGIBLE
Honda,Accord,2014,92005,Excellent,36333,Level4,silver,TX,FALSE,FALSE,NOT ELIGIBLE,NOT ELIGIBLE
Nissan,Camry,2014,92009,Excellent,44695,Level5,white,IL,FALSE,TRUE,NOT ELIGIBLE,NOT ELIGIBLE
Honda,Camry,2011,92036,Excellent,48213,Level5,black,NY,TRUE,TRUE,ELIGIBLE,NOT ELIGIBLE
Honda,Altima,2010,92062,Excellent,18318,Level2,blue,FL,FALSE,FALSE,NOT ELIGIBLE,NOT ELIGIBLE
Nissan,Altima,2010,92108,Excellent,13831,Level2,red,NY,FALSE,FALSE,NOT ELIGIBLE,ELIGIBLE
Toyota,Accord,2018,92122,Excellent,33949,Level4,blue,NY,FALSE,FALSE,NOT ELIGIBLE,ELIGIBLE
Ford,Accord,2010,92134,Excellent,48926,Level5,black,FL,TRUE,TRUE,ELIGIBLE,NOT ELIGIBLE
Ford,Accord,2016,92247,Excellent,38301,Level4,white,NY,FALSE,FALSE,NOT ELIGIBLE,NOT ELIGIBLE
Toyota,Camry,2016,92396,Excellent,16615,Level2,silver,IL,FALSE,FALSE,NOT ELIGIBLE,ELIGIBLE
Toyota,Altima,2018,92711,Excellent,15887,Level2,red,TX,FALSE,FALSE,NOT ELIGIBLE,ELIGIBLE
Nissan,Accord,2011,92817,Excellent,43178,Level5,blue,CA,FALSE,TRUE,NOT ELIGIBLE,NOT ELIGIBLE
Chevrolet,Camry,2018,92897,Excellent,23119,Level3,black,IL,FALSE,FALSE,NOT ELIGIBLE,NOT ELIGIBLE
Honda,Cruze,2015,93098,Excellent,11894,Level2,red,FL,FALSE,FALSE,NOT ELIGIBLE,ELIGIBLE
Chevrolet,Accord,2011,93272,Excellent,12002,Level2,black,IL,FALSE,FALSE,NOT ELIGIBLE,NOT ELIGIBLE
Chevrolet,Accord,2014,93298,Excellent,16196,Level2,white,IL,FALSE,FALSE,NOT ELIGIBLE,NOT ELIGIBLE
Chevrolet,Altima,2014,93341,Excellent,15979,Level2,blue,NY,FALSE,FALSE,NOT ELIGIBLE,NOT ELIGIBLE
Toyota,Camry,2012,93536,Excellent,34668,Level4,black,NY,FALSE,FALSE,NOT ELIGIBLE,ELIGIBLE
Honda,Camry,2018,93813,Excellent,14436,Level2,silver,TX,FALSE,FALSE,NOT ELIGIBLE,NOT ELIGIBLE
Nissan,Accord,2018,93865,Excellent,14663,Level2,black,CA,FALSE,FALSE,NOT ELIGIBLE,NOT ELIGIBLE
Honda,Accord,2016,93871,Excellent,48770,Level5,blue,NY,TRUE,TRUE,ELIGIBLE,NOT ELIGIBLE
Toyota,Altima,2011,94147,Excellent,29682,Level3,red,NY,FALSE,FALSE,NOT ELIGIBLE,ELIGIBLE
Nissan,Cruze,2011,94176,Excellent,26010,Level3,white,FL,FALSE,FALSE,NOT ELIGIBLE,NOT ELIGIBLE
Chevrolet,Camry,2013,94305,Excellent,30688,Level4,blue,IL,FALSE,FALSE,NOT ELIGIBLE,NOT ELIGIBLE
Chevrolet,Fusion,2011,94457,Excellent,22210,Level3,white,TX,FALSE,FALSE,NOT ELIGIBLE,NOT ELIGIBLE
Ford,Accord,2013,94691,Excellent,11732,Level2,red,FL,FALSE,FALSE,NOT ELIGIBLE,ELIGIBLE
Nissan,Fusion,2011,94724,Excellent,37585,Level4,red,FL,FALSE,FALSE,NOT ELIGIBLE,ELIGIBLE
Nissan,Camry,2011,94750,Excellent,11168,Level2,black,IL,FALSE,FALSE,NOT ELIGIBLE,NOT ELIGIBLE
Nissan,Camry,2010,94789,Excellent,10672,Level2,silver,CA,FALSE,FALSE,NOT ELIGIBLE,NOT ELIGIBLE
Toyota,Cruze,2017,94883,Excellent,20183,Level3,red,NY,FALSE,FALSE,NOT ELIGIBLE,ELIGIBLE
Honda,Cruze,2011,94907,Excellent,19088,Level2,white,CA,FALSE,FALSE,NOT ELIGIBLE,NOT ELIGIBLE
Chevrolet,Camry,2017,95067,Excellent,11847,Level2,silver,CA,FALSE,FALSE,NOT ELIGIBLE,NOT ELIGIBLE
Ford,Cruze,2016,95349,Excellent,26655,Level3,red,NY,FALSE,FALSE,NOT ELIGIBLE,ELIGIBLE
Ford,Fusion,2015,95389,Excellent,10597,Level2,black,CA,FALSE,FALSE,NOT ELIGIBLE,NOT ELIGIBLE
Honda,Accord,2011,95431,Excellent,44328,Level5,silver,IL,FALSE,TRUE,NOT ELIGIBLE,NOT ELIGIBLE
Ford,Accord,2010,95602,Excellent,14837,Level2,red,IL,FALSE,FALSE,NOT ELIGIBLE,ELIGIBLE
Chevrolet,Cruze,2010,95625,Excellent,23393,Level3,silver,FL,FALSE,FALSE,NOT ELIGIBLE,NOT ELIGIBLE
Chevrolet,Fusion,2017,95695,Excellent,21479,Level3,black,IL,FALSE,FALSE,NOT ELIGIBLE,NOT ELIGIBLE
Chevrolet,Altima,2012,95859,Excellent,17736,Level2,white,NY,FALSE,FALSE,NOT ELIGIBLE,NOT ELIGIBLE
Ford,Fusion,2014,96044,Excellent,13560,Level2,black,CA,FALSE,FALSE,NOT ELIGIBLE,NOT ELIGIBLE
Toyota,Fusion,2011,96214,Excellent,20773,Level3,red,FL,FALSE,FALSE,NOT ELIGIBLE,ELIGIBLE
Chevrolet,Fusion,2011,96291,Excellent,14162,Level2,white,CA,FALSE,FALSE,NOT ELIGIBLE,NOT ELIGIBLE
Honda,Cruze,2011,96442,Excellent,46996,Level5,silver,CA,TRUE,TRUE,ELIGIBLE,NOT ELIGIBLE
Chevrolet,Fusion,2018,96576,Excellent,22367,Level3,white,TX,FALSE,FALSE,NOT ELIGIBLE,NOT ELIGIBLE
Chevrolet,Camry,2017,96608,Excellent,16855,Level2,red,NY,FALSE,FALSE,NOT ELIGIBLE,ELIGIBLE
Nissan,Fusion,2014,96681,Excellent,41438,Level5,silver,IL,FALSE,TRUE,NOT ELIGIBLE,NOT ELIGIBLE
Nissan,Altima,2018,96846,Excellent,22390,Level3,black,FL,FALSE,FALSE,NOT ELIGIBLE,NOT ELIGIBLE
Ford,Accord,2018,96879,Excellent,47473,Level5,silver,TX,TRUE,TRUE,ELIGIBLE,NOT ELIGIBLE
Ford,Altima,2017,97052,Excellent,22058,Level3,blue,FL,FALSE,FALSE,NOT ELIGIBLE,NOT ELIGIBLE
Honda,Cruze,2014,97116,Excellent,20256,Level3,black,NY,FALSE,FALSE,NOT ELIGIBLE,NOT ELIGIBLE
Nissan,Accord,2014,97158,Excellent,13682,Level2,black,FL,FALSE,FALSE,NOT ELIGIBLE,NOT ELIGIBLE
Toyota,Cruze,2013,97228,Excellent,14953,Level2,blue,NY,FALSE,FALSE,NOT ELIGIBLE,ELIGIBLE
Ford,Camry,2014,97246,Excellent,22553,Level3,red,TX,FALSE,FALSE,NOT ELIGIBLE,ELIGIBLE
Toyota,Camry,2013,97328,Excellent,27098,Level3,blue,NY,FALSE,FALSE,NOT ELIGIBLE,ELIGIBLE
Ford,Camry,2016,97387,Excellent,28156,Level3,black,IL,FALSE,FALSE,NOT ELIGIBLE,NOT ELIGIBLE
Toyota,Cruze,2015,97559,Excellent,38738,Level4,silver,FL,FALSE,FALSE,NOT ELIGIBLE,ELIGIBLE
Ford,Accord,2011,97633,Excellent,44212,Level5,red,FL,FALSE,TRUE,NOT ELIGIBLE,ELIGIBLE
Chevrolet,Cruze,2013,97727,Excellent,48795,Level5,blue,CA,TRUE,TRUE,ELIGIBLE,NOT ELIGIBLE
Nissan,Camry,2012,97730,Excellent,42837,Level5,silver,CA,FALSE,TRUE,NOT ELIGIBLE,NOT ELIGIBLE
Honda,Altima,2011,97849,Excellent,22338,Level3,silver,FL,FALSE,FALSE,NOT ELIGIBLE,NOT ELIGIBLE
Toyota,Cruze,2018,98225,Excellent,48224,Level5,blue,NY,TRUE,TRUE,ELIGIBLE,NOT ELIGIBLE
Nissan,Altima,2018,98391,Excellent,22681,Level3,white,CA,FALSE,FALSE,NOT ELIGIBLE,NOT ELIGIBLE
Chevrolet,Cruze,2011,98571,Excellent,44999,Level5,white,CA,FALSE,TRUE,NOT ELIGIBLE,NOT ELIGIBLE
Ford,Cruze,2014,98661,Excellent,34128,Level4,blue,FL,FALSE,FALSE,NOT ELIGIBLE,NOT ELIGIBLE
Chevrolet,Accord,2015,98738,Excellent,47147,Level5,blue,FL,TRUE,TRUE,ELIGIBLE,NOT ELIGIBLE
Nissan,Fusion,2015,98895,Excellent,17338,Level2,blue,FL,FALSE,FALSE,NOT ELIGIBLE,NOT ELIGIBLE
Honda,Cruze,2014,99093,Excellent,32592,Level4,white,IL,FALSE,FALSE,NOT ELIGIBLE,NOT ELIGIBLE
Toyota,Camry,2014,99124,Excellent,16344,Level2,black,IL,FALSE,FALSE,NOT ELIGIBLE,ELIGIBLE
Chevrolet,Cruze,2011,99157,Excellent,37488,Level4,white,TX,FALSE,FALSE,NOT ELIGIBLE,NOT ELIGIBLE
Nissan,Cruze,2015,99258,Excellent,38084,Level4,white,FL,FALSE,FALSE,NOT ELIGIBLE,NOT ELIGIBLE
Nissan,Accord,2017,99295,Excellent,27393,Level3,red,CA,FALSE,FALSE,NOT ELIGIBLE,ELIGIBLE
Chevrolet,Cruze,2010,99313,Excellent,31827,Level4,black,CA,FALSE,FALSE,NOT ELIGIBLE,NOT ELIGIBLE
Ford,Cruze,2016,99321,Excellent,37274,Level4,silver,NY,FALSE,FALSE,NOT ELIGIBLE,NOT ELIGIBLE
Chevrolet,Fusion,2014,99354,Excellent,22193,Level3,red,CA,FALSE,FALSE,NOT ELIGIBLE,ELIGIBLE
Ford,Altima,2013,99359,Excellent,28183,Level3,white,CA,FALSE,FALSE,NOT ELIGIBLE,NOT ELIGIBLE
Honda,Camry,2018,99367,Excellent,11520,Level2,blue,FL,FALSE,FALSE,NOT ELIGIBLE,NOT ELIGIBLE
Honda,Camry,2014,99415,Excellent,38072,Level4,red,IL,FALSE,FALSE,NOT ELIGIBLE,ELIGIBLE
Chevrolet,Fusion,2017,99521,Excellent,15731,Level2,silver,TX,FALSE,FALSE,NOT ELIGIBLE,NOT ELIGIBLE
Ford,Cruze,2014,99672,Excellent,27771,Level3,black,FL,FALSE,FALSE,NOT ELIGIBLE,NOT ELIGIBLE
Toyota,Accord,2011,99783,Excellent,34589,Level4,silver,IL,FALSE,FALSE,NOT ELIGIBLE,ELIGIBLE
